昨日,-1,-1,1,名詞,ユーザー辞書,*,when,*,day=1,昨日,*,*
きのう,-1,-1,1,名詞,ユーザー辞書,*,when,*,day=1,昨日,*,*
さくじつ,-1,-1,1,名詞,ユーザー辞書,*,when,*,day=1,昨日,*,*
一昨日,-1,-1,1,名詞,ユーザー辞書,*,when,*,day=2,一昨日,*,*
おととい,-1,-1,1,名詞,ユーザー辞書,*,when,*,day=2,一昨日,*,*
日前,-1,-1,1,名詞,ユーザー辞書,*,when,*,day=?,日前,*,*
先週,-1,-1,1,名詞,ユーザー辞書,*,when,*,week=1,先週,*,*
せんしゅう,-1,-1,1,名詞,ユーザー辞書,*,when,*,week=1,せんしゅう,*,*
先々週,-1,-1,1,名詞,ユーザー辞書,*,when,*,week=2,先々週,*,*
先月,-1,-1,1,名詞,ユーザー辞書,*,when,*,month=1,先月,*,*
せんげつ,-1,-1,1,名詞,ユーザー辞書,*,when,*,month=1,せんげつ,*,*
先々月,-1,-1,1,名詞,ユーザー辞書,*,when,*,month=2,先々月,*,*
ヶ月前,-1,-1,1,名詞,ユーザー辞書,*,when,*,month=?,ヶ月前,*,*
か月前,-1,-1,1,名詞,ユーザー辞書,*,when,*,month=?,ヶ月前,*,*
カ月前,-1,-1,1,名詞,ユーザー辞書,*,when,*,month=?,ヶ月前,*,*
ヵ月前,-1,-1,1,名詞,ユーザー辞書,*,when,*,month=?,ヶ月前,*,*
ケ月前,-1,-1,1,名詞,ユーザー辞書,*,when,*,month=?,ヶ月前,*,*
月曜,1314,1314,6504,名詞,ユーザー辞書,*,when,*,week=?,月,*,*
月曜日,-1,-1,1,名詞,ユーザー辞書,*,when,*,week=?,月,*,*
火曜,-1,-1,1,名詞,ユーザー辞書,*,when,*,week=?,火,*,*
火曜日,-1,-1,1,名詞,ユーザー辞書,*,when,*,week=?,火,*,*
水曜,1314,1314,3306,名詞,ユーザー辞書,*,when,*,week=?,水,*,*
水曜日,1314,1314,4504,名詞,ユーザー辞書,*,when,*,week=?,水,*,*
木曜,-1,-1,1,名詞,ユーザー辞書,*,when,*,week=?,木,*,*
木曜日,-1,-1,1,名詞,ユーザー辞書,*,when,*,week=?,木,*,*
金曜,-1,-1,1,名詞,ユーザー辞書,*,when,*,week=?,金,*,*
金曜日,-1,-1,1,名詞,ユーザー辞書,*,when,*,week=?,金,*,*
土曜,-1,-1,1,名詞,ユーザー辞書,*,when,*,week=?,土,*,*
土曜日,-1,-1,1,名詞,ユーザー辞書,*,when,*,week=?,土,*,*
日曜,-1,-1,1,名詞,ユーザー辞書,*,when,*,week=?,日,*,*
日曜日,-1,-1,1,名詞,ユーザー辞書,*,when,*,week=?,日,*,*
山口,1291,1291,5000,名詞,ユーザー辞書,*,who,*,*,山口,*,*
EXCEL,-1,-1,1,名詞,ユーザー辞書,*,what,*,*,Excel,*,*
エクセル,-1,-1,1,名詞,ユーザー辞書,*,what,*,*,Excel,*,*
POWERPOINT,-1,-1,1,名詞,ユーザー辞書,*,what,*,*,PowerPoint,*,*
POWERPOINT,-1,-1,1,名詞,ユーザー辞書,*,what,*,*,PowerPoint,*,*
パワーポイント,-1,-1,1,名詞,ユーザー辞書,*,what,*,*,PowerPoint,*,*
パワポ,-1,-1,1,名詞,ユーザー辞書,*,what,*,*,PowerPoint,*,*
WORD,-1,-1,1,名詞,ユーザー辞書,*,what,*,*,Word,*,*
ワード,-1,-1,1,名詞,ユーザー辞書,*,what,*,*,Word,*,*
PDF,-1,-1,1,名詞,ユーザー辞書,*,what,*,*,PDF,*,*
