text,title
『風の谷のナウシカ』（かぜのたにのナウシカ）は、宮崎駿による日本の漫画作品。,風の谷のナウシカ
アニメーション監督・演出家でもある宮崎が、徳間書店のアニメ情報誌『アニメージュ』誌上にて発表したSF・ファンタジー作品。,風の谷のナウシカ
科学文明の崩壊後、異形の生態系に覆われた終末世界を舞台に、人と自然の歩むべき道を求める少女ナウシカの姿を描く。,風の谷のナウシカ
1984年には宮崎自身の監督による劇場版アニメ『風の谷のナウシカ』が公開された。,風の谷のナウシカ
『アニメージュ』1982年2月号にて連載を開始し、映画制作などのため4度の中断期間を挟み、1994年3月号にて完結した。,風の谷のナウシカ
1994年に第23回日本漫画家協会賞大賞、1995年、第26回星雲賞コミック部門を受賞。単行本の発行部数は累計1200万部。海外でも8か国語で翻訳・出版されている。,風の谷のナウシカ
文明を崩壊させた「火の7日間」という最終戦争から1000年、激しく汚染された大地に異形の生態系（巨大な菌類の森「腐海」や、腐海を守る「蟲」と呼ばれる巨大昆虫たち）が出現し、日々範囲拡大する腐海の放つ瘴気毒に人々が怯える荒廃した世界が描かれている。,風の谷のナウシカ
この世界に存在する、トルメキアと土鬼（ドルク）という敵対する二大列強国と、その辺境地にあるトルメキアの同盟国「風の谷」および、工業都市ペジテ市が主な舞台となっている。,風の谷のナウシカ
風の谷の族長であるジルは腐海の毒に侵されて病床にあり、父の代理で国を治める16才の娘「ナウシカ」が主人公である。,風の谷のナウシカ
ある日、ペジテからの避難民を乗せた輸送船が風の谷の近くに墜落する。,風の谷のナウシカ
輸送船に搭乗していた瀕死のペジテ王女ラステルは、救援に駆け付けたナウシカにとある石を託し、兄に渡してほしいと懇願して事切れる。,風の谷のナウシカ
その石は、終末戦争で使われた生物兵器巨神兵を起動させる鍵となる「秘石」であった。,風の谷のナウシカ
翌日、巨神兵を得ようとペジテを滅ぼしたトルメキア王女クシャナが、秘石の捜索のため風の谷に飛来。,風の谷のナウシカ
検疫を受けないままの強行着陸をとがめたナウシカはクシャナの部下と一騎討ちを演じるが、ナウシカの師匠でもある旅の戦士ユパの仲裁で停戦し、クシャナ達は谷を去る。,風の谷のナウシカ
やがてトルメキアと土鬼の間に戦争が勃発すると、同盟条約を盾にトルメキアは辺境諸国に従軍を強いる。,風の谷のナウシカ
ナウシカは族長代理として、数名の従者とともにクシャナ支隊へ合流する。,風の谷のナウシカ
土鬼の地へ向けて南下するクシャナ支隊の空中艦隊を、ラステルの兄アスベルのガンシップが単機で奇襲し、多大な損害を与えるもトルメキア軍に撃ち落される。,風の谷のナウシカ
乱戦の中で風の谷の無動力輸送船は、戦列を離れて腐海に不時着する。,風の谷のナウシカ
輸送船を回収するために降下したナウシカは、同じく腐海に墜落して蟲に追われるアスベルを救出したものの、蟲との接触事故を起こしてマスクが外れたまま腐海の下層部に迷い込む。,風の谷のナウシカ
ナウシカはそこで、腐海下層部の大気が清浄であることを発見する。,風の谷のナウシカ
そして、自身が城の地下で地下水だけで栽培している無害な腐海植物との共通点を見出し、腐海は汚染された世界を浄化する目的で存在しているという仕組みに気づく。,風の谷のナウシカ
劣勢の土鬼軍は、腐海の植物を生物実験する過程で突然変異により生まれた強力な粘菌を生物兵器として使用した。,風の谷のナウシカ
この粘菌の出す毒は瘴気マスクでは浄化できず、蟲を死に至らせるほど強力であり、土鬼はトルメキア軍を撃退することに成功した。,風の谷のナウシカ
しかし、粘菌は各所で突如暴走し始め、事態は収拾不能になる。,風の谷のナウシカ
かねてからこの粘菌の存在を察知していた蟲たちは、暴走した粘菌に向かって大量に集結した。,風の谷のナウシカ
蟲たちが粘菌に自らを吸収させることで粘菌はやがて無毒化され、暴走は収束していく。,風の谷のナウシカ
大量の蟲が移動する現象は物語中で大海嘯とよばれており、移動する虫から放たれた腐海の胞子が蟲の死骸を介して広がり、腐海の領域をより拡大してしまう。,風の谷のナウシカ
結果、土鬼の主要な国土はほとんど滅亡するに至った。,風の谷のナウシカ
大海嘯を前に奔走するナウシカは、土鬼の地を探索するうちに、「森の人」と呼ばれる種族に出会う。,風の谷のナウシカ
彼らとの関わりの中で、巨神兵や腐海の植物や蟲たちが旧世界で開発された人工生命であること、その目的は腐海システムによる環境再生であることが判明する。,風の谷のナウシカ
腐海システムは、世界を完全に浄化したあと、火の七日間によって絶滅に瀕した動植物や、闘争本能を去勢改造した新人類を復活させ、地上に再繁栄させることを目的としているのだった。,風の谷のナウシカ
ナウシカは、現在の人類は腐海に「軽度に汚染」された環境下で生存できるよう旧文明人類に改造を加えられた人工種であって、浄化の完了した清浄すぎる世界では生存できないという事実を知る。,風の谷のナウシカ
土鬼軍がトルメキア軍から奪取していた巨神兵と遭遇したナウシカは、これを秘石によって起動させる。,風の谷のナウシカ
巨神兵は人格を持っており、ナウシカは母性を象徴する存在として巨神兵をオーマと名づける。,風の谷のナウシカ
土鬼帝国の首都シュワにある「墓所」と呼ばれる施設は、内部に旧文明の技術を保存しており、土鬼の皇帝たちに旧文明のテクノロジーを与えることで世界を動かしていた。,風の谷のナウシカ
腐海の生態系と旧世界についての上述のような関係を知ったナウシカは「墓所」に向かう。,風の谷のナウシカ
「墓所」はそれ自体が意識を持つ人工生命体でもあり、その人格である「墓の主」は、浄化が終わった後の戦争のない理想郷について語り、ナウシカたち改造種の人類も長年の再調整プロセスによって生存し続ける計画になっているとナウシカに告げる。,風の谷のナウシカ
しかしナウシカはその清浄のみを追求し一切の汚濁を認めない旧文明側の計画内容に反発、これを否定し、「墓の主」をオーマに握り潰させて殺し、「墓所」は新人類の卵や旧文明を研究する博士らを内部に収めたまま倒壊した。,風の谷のナウシカ
それが、作られた計画よりも自然と共に生きるナウシカの選択であった。,風の谷のナウシカ
オーマはこのとき絶命、ナウシカは生存する。,風の谷のナウシカ
産業文明の出現から1000年を経て極限まで科学技術の発展した人類社会が、「火の7日間」と呼ばれる最終戦争によって滅びてから1000年余りが経過した未来の地球が舞台。以下、第1話の冒頭文を引用する。,風の谷のナウシカ
陸地の大部分は植物や菌類の森「腐海」に覆われ、人類の子孫は腐海の毒が及ばない地域を中心に暮らしている。,風の谷のナウシカ
風の谷は潮風が胞子の侵入を拒み、豊かな森や水源、田畑が残っているが、それ以外の土地は不毛な荒地が多い。,風の谷のナウシカ
また、海は「この星の汚染物質が最後にたどり着く所」とされ、生物が生息できる環境ではなくなっている。,風の谷のナウシカ
最終戦争以前の高度産業文明は旧世界と呼ばれ、エンジンなどの遺物が発掘、利用されているが、その技術は失われ人々の生活様式は中世から近世にかけての水準まで後退している。,風の谷のナウシカ
「火の7日間」は半ば伝説となっており、世界を正しい道へと導く救世主の伝説が語り継がれている。,風の谷のナウシカ
種の存亡の危機に瀕しても人類同士の勢力抗争は続いており、作中ではトルメキアと土鬼の間で勃発した「トルメキア戦役」の模様が描かれる。,風の谷のナウシカ
居住可能な土地を巡る争いは、腐海の拡大を招くという悪循環を繰り返しても止むことはない。,風の谷のナウシカ
また、同族内でも王位（皇位）継承権を巡り権力闘争が続けられている。,風の谷のナウシカ
物語の終盤では、文明を衰退に追いやった諸々の事象が、世界を再建するための遠大な計画であったという真実が語られる。,風の谷のナウシカ
「火の7日間」は兵器としての巨神兵を使い世界を焼き尽くした戦争と伝えられてきたが、巨神兵の真の役目である裁定により、人類社会の荒廃を正すためには一度すべてを無に帰す他ないと、世界破壊が選択されたことが示唆されている。,風の谷のナウシカ
腐海に関しても、汚染された大地を浄化するために自然発生した新たな生態系であるとの仮説が否定され、自らの過ちを悟った旧世界によって人工的に創り出された一種の浄化装置（バイオレメディエーション）であることが判明する。,風の谷のナウシカ
世界が有毒物質に覆われる前に、生物は毒に対しある程度の耐性をもつように作り直されており、劇中の生物は浄化後の環境では生存することができない。,風の谷のナウシカ
これらの知識と技術は、墓所の主や庭の主など、かつて作られた人工神により守られている。,風の谷のナウシカ
『魔女の宅急便』（まじょのたっきゅうびん、英題：Kiki’s Delivery Service）は日本で1989年にスタジオジブリで制作された長編アニメーション作品である。,魔女の宅急便
監督は宮崎駿。,魔女の宅急便
宮崎が監督を務めたスタジオジブリの長編映画としては初の、他者の原作による作品であり、宮崎が『ハウルの動く城』の監督に就くまで15年間にわたって唯一の作品であった。,魔女の宅急便
主題歌には荒井由実の楽曲が採用された。,魔女の宅急便
1985年（昭和60年）12月、映画プロダクション風土舎は角野栄子の児童文学『魔女の宅急便』の長編アニメーション化の企画を立ち上げた。,魔女の宅急便
「宅急便」がヤマト運輸の登録商標であったことから、真っ先に同社にスポンサーを要請した。,魔女の宅急便
当初ヤマト運輸は難色を示したが、同社のトレードマークである黒猫が偶然にも物語に登場することから次第に前向きになりスポンサーになることを了承した。,魔女の宅急便
1987年（昭和62年）春ごろ、風土舎とヤマト運輸は電通を通じて徳間書店に協力を申し込み、本作はスタジオジブリで制作される事となった。,魔女の宅急便
風土舎は、「監督またはプロデューサーに宮崎駿か高畑勲を」と意向を示した。,魔女の宅急便
『となりのトトロ』、『火垂るの墓』の制作を開始したばかりでもあり当初監督は有望な若手を起用する事とし、脚本は一色伸幸が担当。,魔女の宅急便
宮崎はプロデューサーのみを請ける事になった。,魔女の宅急便
またメインスタッフ陣にはキャラクターデザイン担当のチーフアニメーターに近藤勝也、補佐に大塚伸治を起用し、美術監督は男鹿和雄の推薦で大野広司が起用される事となった。,魔女の宅急便
大野が所属していたスタジオ風雅の水谷利春社長もこのプロジェクトに賛同しすぐ大野の起用を決定した。,魔女の宅急便
プロジェクトは着々と進んでいたが、一色が書き上げたシナリオが作品の雰囲気にそぐわなかったため、『となりのトトロ』の作業を終えた宮崎がシナリオを書く事となり、一色は降板した。,魔女の宅急便
制作が進むにつれ当初70〜80分の中編となる構想であったが、最終的には100分を越える本格的長編となった。,魔女の宅急便
また、監督は片渕須直が就任する予定であったが、スポンサー企業の意向をうけて演出補佐にまわり、結局、宮崎が監督も務める事になった。,魔女の宅急便
シナリオ完成後、宮崎は絵コンテ作業を開始。,魔女の宅急便
途中、近藤喜文も絵コンテ作業を手伝っていたが作画状況の関係から作画監督に回る事となる。,魔女の宅急便
今回の宮崎の役目はプロデューサー、脚本、絵コンテ、監督の4役で『風の谷のナウシカ』、『天空の城ラピュタ』、『となりのトトロ』で行っていた作画チェックは行わず作画監督の近藤勝也、近藤喜文、大塚伸治がその役を担当していた。,魔女の宅急便
長編アニメーション映画としては制作期間が短く、作画の困難な群集シーンが後半に多数挿入されたためスタッフの負担は大きかった。,魔女の宅急便
音楽演出を高畑が受け持ったのも、宮崎に余裕がなくなったためである。,魔女の宅急便
さらに音楽担当である久石譲も自身のアルバム制作とスケジュールが重なり、音楽打ち合わせから演奏録音までが公開間際になるという状態だった。,魔女の宅急便
原作をかなり自由に脚色し背景にはスタッフがロケハンしたスウェーデンのストックホルム及びゴットランド島のヴィスビュー、宮崎自身が1988年（昭和63年）5月に個人的に旅行したアイルランド、その他サンフランシスコ、リスボン、パリ、ナポリなどの風景を織り交ぜて使っている。,魔女の宅急便
街の名前は、劇場公開時のパンフレットによれば原作のまま「コリコ」の街とされている。,魔女の宅急便
この街では白黒テレビが普及している一方でボンネットバスや大きな飛行船が使われているなど、現代ではなく過去の時代を舞台にしているものとみられる（宮崎によれば「二度の大戦を経験しなかったヨーロッパ」という設定）。,魔女の宅急便
ストックホルムとヴィスビューは宮崎がAプロダクション（シンエイ動画）時代の1971年（昭和46年）に幻の映画企画『長くつ下のピッピ』のロケハンで訪れた場所でもある。,魔女の宅急便
スタジオジブリの発足前から徳間書店の作品の配給を担当した東映は東宝に配給させた前作の『火垂るの墓』と『となりのトトロ』の興行的失敗を理由に本作を持ってジブリ作品の配給の打ち切りを決定し、本作は東映が配給した最後のジブリ作品になった。,魔女の宅急便
アニメ版では、原作に見られた童話ならではのファンタジー性は抑えられ、作中における魔法はあくまで「個人の特技の一種」という位置づけで描かれている。,魔女の宅急便
「田舎から都会へ上京してきた少女が特技を活かして独り立ちしていく」という点を強調して前面に押し出しており、その中で思春期を迎えた少女の感情の機微を描写していく現実味漂う作風となっている。,魔女の宅急便
原作者の角野は映画化に際し、当初は唯一の注文として「キキが旅立つ時にキキの故郷の木に付けられていた鈴を鳴らすこと」のみを求めていた。,魔女の宅急便
その後制作が進むに連れ内容が大きく変わることに否定的になったが、宮崎と角野が数回対談し解決した。,魔女の宅急便
とあるのどかな田舎町に住むキキは、魔女の血を受け継ぐ13歳の女の子。,魔女の宅急便
『魔女として生きることを決意した少女は、13歳の満月の夜に魔女のいない町を見つけて定住し、魔女の修行を積むべし』という古くからのしきたりに従って旅立ち、海の向こうの町コリコにたどり着く。,魔女の宅急便
しかし、魔女の風習の残る田舎町と異なって、大都会であるコリコの町の人々はどこかよそよそしく、キキはそんな人々の態度に戸惑いを隠せない。,魔女の宅急便
その後、グーチョキパン店のおかみ、おソノさんに出会い気に入られたキキは、おソノさんの好意でパン屋の2階に居候し、空飛ぶ魔法を活かして『魔女の宅急便』を開業する。,魔女の宅急便
そんな中、人力飛行機作りを目指す少年トンボと出会う。,魔女の宅急便
馴れ馴れしい態度で接してくる彼を不愉快に思いながらも、徐々にキキはトンボと打ち解けてゆくが、思春期における様々な感情の機微ゆえに、なかなか素直になれない。,魔女の宅急便
そんなある日。,魔女の宅急便
キキは突如、魔法の力を失い、飼い猫のジジとも会話を交わすことができなくなってしまう。,魔女の宅急便
魔女の証である魔法の力、唯一のとりえである空を飛ぶ能力を失い途方に暮れる中、かつて森の中で出会った絵描きの女性ウルスラと再会したキキは、少しずつ元気を取り戻していく。,魔女の宅急便
かつてお届けものを請け負った老婦人の家へ招かれたキキは、婦人から宅配を依頼された御届け物が、落ち込んだ自分を励ますためのものだったことに気づき、久しぶりに明るい笑顔を見せるのだった。,魔女の宅急便
そんな時、飛行船『自由の冒険号』の航海開始の生中継を放映していたテレビで、トンボが暴風に煽られて吹き飛ばされた飛行船のロープにしがみついたまま空中にさらわれてしまったところを目撃したキキは、無我夢中で現場へと急行する。,魔女の宅急便
現場の近くにいた掃除夫のデッキブラシを借り受け、必死の思いで魔法の力を奮い起こし、キキはついに再び大空へと飛び出した。,魔女の宅急便
しかし、戻ったばかりの魔法の力と乗りなれないデッキブラシに翻弄されて思うようにトンボに近づくことができず、ついにトンボがロープから手を離してしまう。,魔女の宅急便
後を追うようにキキはデッキブラシに乗ったまま急降下し、見事トンボをキャッチして救出することに成功した。,魔女の宅急便
こうして、再び魔法の力を取り戻したキキは街の人たちともすっかり打ち解け、今日も元気にコリコの街を飛び回りながら、宅配業に精を出すのだった。,魔女の宅急便
『もののけ姫』（もののけひめ）は、宮崎駿によるスタジオジブリの長編アニメーション映画作品。,もののけ姫
1997年（平成9年）7月12日公開。,もののけ姫
宮崎が構想16年、制作に3年をかけた大作であり、興行収入193億円を記録し当時の日本映画の興行記録を塗り替えた。,もののけ姫
映画のキャッチコピーは「生きろ」。,もののけ姫
主題歌「もののけ姫」（作詞 - 宮崎駿 / 作曲・編曲 - 久石譲）を歌う米良美一は、女性のような高い声で歌うカウンターテナーが話題になり、この作品によって広く認知されるようになった。,もののけ姫
声優は『平成狸合戦ぽんぽこ』のおキヨの石田ゆり子、『紅の豚』のマンマユート・ボスの上條恒彦、『風の谷のナウシカ』のナウシカの島本須美とアスベルの松田洋治といった過去のジブリ作品にも出演した者が起用されている。,もののけ姫
なお、1980年（昭和55年）に宮崎駿がアニメ企画案のイメージボードとして構想した同名の作品があり（『宮崎駿イメージボード集』。,もののけ姫
ISBN 9784061080683。,もののけ姫
1983年に収録）、1993年（平成5年）にそれを基にした絵本（『もののけ姫』。,もののけ姫
ISBN 4198600406。,もののけ姫
）が出版されているが、本項目が解説する作品と直接の関連性はない。,もののけ姫
中世（室町時代の頃）の日本。,もののけ姫
エミシの村に住む少年アシタカは、村を襲ったタタリ神と呼ばれる化け物を退治して、右腕に死の呪いを受けてしまう。,もののけ姫
その正体は、何者かに鉄のつぶてを撃ち込まれ、人への憎しみからタタリ神と化した巨大なイノシシの神（ナゴの守）だった。,もののけ姫
アシタカは呪いのため村を追われ、呪いを絶つためにもイノシシが来た西の地へと旅立つ。,もののけ姫
旅の道中、乱妨取りに奔る地侍との戦いや、謎の男ジコ坊との出会いを経て、アシタカはジコ坊から聞いた神が住むという深い森がある地に向かう。,もののけ姫
アシタカは山奥で倒れていた男達を助け、彼らの村へ連れて帰る。,もののけ姫
その村はタタラ場と呼ばれる、鉄を作る村であるという。,もののけ姫
そこを治めているエボシという女は、石火矢と呼ばれる火砲を村人に作らせ、山に住む"もののけ"や、村の鉄を狙う地侍たちから村を守っていた。,もののけ姫
アシタカが助けた男達も"もののけ"に襲われたもので、呪いを与えたイノシシの神に鉄のつぶてを撃ち込んだのもエボシだという。,もののけ姫
彼等は鉄を作るために自然を破壊している自覚はあったが、シシ神に力を賜り大きな力を得た動物、即ち"もののけ"達を快く思っていなかった。,もののけ姫
アシタカは、これ以上憎しみを広めるなとエボシに忠告するが、村人達にとってのエボシは、生きる希望を与えてくれる女性でもあった。,もののけ姫
そのエボシの命を、"もののけ姫"が狙いにくる。,もののけ姫
その正体は山犬に育てられた人間の娘、サンだった。,もののけ姫
窮地に陥ったサンをアシタカは救うが、同時に彼は瀕死の重傷を負ってしまう。,もののけ姫
倒れながらもアシタカは、生きろ、とサンに語りかけるが、人を憎むサンは聞く耳を持たずに、助けてくれたアシタカを殺そうとする。,もののけ姫
しかし、アシタカから美しいと言われたサンは、動揺して思いとどまる。,もののけ姫
サンはアシタカを、生と死を司る神、シシ神の前に連れて行く。,もののけ姫
シシ神はアシタカの傷を癒し、それを見たサンはアシタカを生かすと決める。,もののけ姫
サンはアシタカを介抱するうちに、しだいに彼に心を開いていく。,もののけ姫
アシタカも、森と人が争わずに済む道は無いのかと、思い悩む。,もののけ姫
そのころタタラ場には、エボシにシシ神殺しをさせようとする怪しげな装束の男達が集結していた。,もののけ姫
彼等を率いるのはジコ坊である。,もののけ姫
男達は天朝よりシシ神殺しを許可され、不老不死の力があると噂されるシシ神の首を狙っており、エボシ達もまた、森を切り開くのをもののけ達に邪魔されぬよう、それに協力したのである。,もののけ姫
タタラ場を出発したエボシ達は、人間との最終決戦を行おうとするイノシシの大群と大戦争をはじめる。,もののけ姫
ところが、エボシが留守にしたタタラ場は、鉄を狙っている侍の集団に襲われてしまうのだった。,もののけ姫
アシタカはエボシに戦いをやめて村に帰るよう伝えるが、エボシはかまわずシシ神殺しに向い、遂にその首をとる。,もののけ姫
するとシシ神の体から不気味な液体が大量に飛び散り、それに触れた者たちは死に、木は枯れてしまう。,もののけ姫
やがて液体は津波のような勢いで山を埋め尽くし、森は枯れ果てて、タタラ場も壊滅してしまうのだった。,もののけ姫
サンは森が死んだと絶望し、人間に対する憎しみを爆発させる。,もののけ姫
しかし、アシタカはまだ望みはあるとサンを説得し、二人は協力して、シシ神の首を持って逃げようとするジコ坊を押しとどめ、首をシシ神に返す。,もののけ姫
シシ神は首を取り戻したが、朝日を浴びると同時に地に倒れて消える。,もののけ姫
その風が吹き抜けると、枯れ果てた山には僅かながら緑が戻り、アシタカの腕の呪いも消えた。,もののけ姫
アシタカは好きだが人間を許すことはできないと言うサンに、アシタカは、それでも互いの世界で共に生きようと語る。,もののけ姫
エボシもタタラ場の村人達に、新たに良い村を作りなおそうと語りかけるのだった。,もののけ姫
『千と千尋の神隠し』（せんとちひろのかみかくし）は、スタジオジブリの長編アニメーション映画。,千と千尋の神隠し
宮崎駿監督作品。,千と千尋の神隠し
千尋という名の10歳の少女が、引っ越し先へ向かう途中に立ち入ったトンネルから、神々の世界へ迷い込んでしまう物語。,千と千尋の神隠し
千尋の両親は魔女の湯婆婆によって豚に変えられてしまう。,千と千尋の神隠し
千尋は、湯婆婆の経営する銭湯で働きながら、両親とともに人間の世界へ帰るために奮闘する。,千と千尋の神隠し
声の出演は、柊瑠美・入野自由・夏木マリ・内藤剛志・沢口靖子・上條恒彦・小野武彦・菅原文太など。,千と千尋の神隠し
制作のきっかけは、宮崎駿の個人的な友人である10歳の少女を喜ばせたいというものだった。,千と千尋の神隠し
この少女は日本テレビの映画プロデューサー、奥田誠治の娘であり、主人公千尋のモデルになった。,千と千尋の神隠し
企画当時宮崎は、信州に持っている山小屋にジブリ関係者たちの娘を集め、年に一度合宿を開いていた。,千と千尋の神隠し
宮崎はまだ10歳前後の年齢の女子に向けた映画を作ったことがなく、そのため彼女たちに映画を送り届けたいと思うようになった。,千と千尋の神隠し
2001年7月20日に日本公開。,千と千尋の神隠し
興行収入は300億円を超え、日本歴代興行収入第1位を達成した。,千と千尋の神隠し
この記録は2017年現在も塗り替えられていない。,千と千尋の神隠し
第52回ベルリン国際映画祭では『ブラディ・サンデー』と同時に金熊賞を受賞した。,千と千尋の神隠し
宮崎の友人である映画監督ジョン・ラセターの尽力によって北米で公開され、第75回アカデミー賞ではアカデミー長編アニメ映画賞を受賞した。,千と千尋の神隠し
2016年のイギリスBBC主催の投票では、世界の177人の批評家が「21世紀の偉大な映画ベスト100」の第4位に選出した。,千と千尋の神隠し
10歳の少女、千尋は、両親と共に引越し先へと向かう途中、森の中の奇妙なトンネルから通じる無人の街へ迷い込む。,千と千尋の神隠し
そこは、怪物のような姿の八百万の神々が住む世界で、人間が来てはならないところだった。,千と千尋の神隠し
千尋の両親は飲食店で断りもなく飲み食いし、豚にされてしまう。,千と千尋の神隠し
千尋も帰り道を失って消えそうになるが、この世界に住む少年ハクに助けられる。,千と千尋の神隠し
ハクは、八百万の神々が客として集う「油屋」という名の湯屋で働いていた。,千と千尋の神隠し
油屋の主人は、相手の名を奪って支配する、恐ろしい魔女の湯婆婆（ゆばーば）である。,千と千尋の神隠し
仕事を持たない者は動物に変えられてしまうとハクは千尋に教える。,千と千尋の神隠し
千尋は、雇ってくれるよう湯婆婆に頼み込み、名を奪われて「千（せん）」と新たに名付けられ、油屋で働くことになる。,千と千尋の神隠し
ハクは、本当の名前を忘れると元の世界に戻れなくなると忠告する。,千と千尋の神隠し
ハクもまた名を奪われ、自分が何者であったのかを思い出せずにいた。,千と千尋の神隠し
しかし、彼はなぜか千尋を知っており、千尋のことを覚えているのだという。,千と千尋の神隠し
一方、千尋には、ハクの正体に心当たりがない。,千と千尋の神隠し
豚にされた両親を助けるため、油屋で働き始めた千尋だったが、彼女は人間であるために油屋の者たちから疎まれ、強烈な異臭を放つ客の相手まで押し付けられる。,千と千尋の神隠し
しかし彼女の実直な働きにより、客から大量の砂金が店にもたらされると、千尋は皆から一目置かれる存在になる。,千と千尋の神隠し
千尋はその客から不思議な団子を受け取る。,千と千尋の神隠し
翌日、ハクは湯婆婆の言いつけにより、彼女と対立している双子の姉の銭婆（ぜにーば）から、魔女の契約印を盗みだす。,千と千尋の神隠し
しかし、銭婆はハクを追ってきて魔法で重傷を負わせ、湯婆婆の息子である坊（ぼう）もネズミに変えてしまう。,千と千尋の神隠し
千尋はハクに不思議な団子を飲ませて助けるが、ハクは衰弱してしまう。,千と千尋の神隠し
千尋はハクを助けたい一心で、危険を顧みず銭婆のところへ謝りに行くことを決意する。,千と千尋の神隠し
そのころ油屋では、カオナシという化け物が従業員を飲み込んで暴れていた。,千と千尋の神隠し
カオナシは千尋から親切にされたことがあり、金や食べ物で千尋の気を引こうとするが、彼女が興味を示さないので激怒する。,千と千尋の神隠し
千尋は不思議な団子をカオナシに飲ませて従業員を吐き出させ、感謝される。,千と千尋の神隠し
千尋は、カオナシとネズミになった坊を伴って銭婆の家を訪れる。,千と千尋の神隠し
銭婆は千尋を穏やかに受け容れる。,千と千尋の神隠し
一方、意識を取り戻したハクは、坊が銭婆のところへ行ってしまったことを湯婆婆に伝える。,千と千尋の神隠し
ハクは、坊を連れ戻してくることを条件に、千尋と両親を解放するよう約束を迫り、帰る手段のなかった千尋を迎えに行く。,千と千尋の神隠し
ハクは銭婆から許され、千尋と共に油屋へ帰る。,千と千尋の神隠し
その途中で、千尋は自分が幼いころに落ちた「川」がハクの正体であることに気づく。,千と千尋の神隠し
幼いころハクの中で溺れそうになったとき、ハクは千尋を浅瀬に運び、助けあげた。,千と千尋の神隠し
千尋がハクの名前に気づくと、ハクも自分の名前を取り戻す。,千と千尋の神隠し
油屋に帰ったハクは、千尋と両親を解放するよう湯婆婆に要求する。,千と千尋の神隠し
従業員たちも、今度は千尋の味方である。,千と千尋の神隠し
湯婆婆は、油屋の前に集めた豚の中から両親を言い当てろと難題を課すが、千尋はこの中に両親はいないと正解を言い当てて自由となり、従業員たちに祝福されながら油屋を去る。,千と千尋の神隠し
ハクは千尋を途中まで見送り、自分も湯婆婆に暇を告げて元の世界に戻るつもりであると伝え、再会を期して別れる。,千と千尋の神隠し
人間に戻った両親は、最初のトンネルの前で、なにごともなかったかのように待っていた。,千と千尋の神隠し
もとの世界に戻った千尋が振り返ると、トンネルは来たときとは違う姿に変わっていた。,千と千尋の神隠し
『となりのトトロ』（英題：My Neighbor Totoro）はスタジオジブリの長編アニメーション映画。,となりのトトロ
宮崎駿監督作品。,となりのトトロ
昭和30年代前半の日本を舞台にしたファンタジー。,となりのトトロ
物語は、田舎へ引っ越してきた草壁一家のサツキ・メイ姉妹が、“もののけ”とよばれ、子どもの時にしか会えないと言われる不思議な生き物・トトロとの交流を描いていくストーリー。,となりのトトロ
声の出演は、日高のり子、坂本千夏、糸井重里、島本須美、高木均、北林谷栄など。,となりのトトロ
小学生のサツキと幼いメイは、父と一緒に田植え頃の農村へ引っ越してくる。,となりのトトロ
引越し先の空き家には小さな黒いオバケが沢山住んでいた。,となりのトトロ
それは子供にしか見えず、害もなく、人が住み始めるといつのまにか居なくなるという。,となりのトトロ
二人は入院している母に、オバケのことを報告する。,となりのトトロ
母がオバケ嫌いであることを心配したが、少しも怖がらずに「自分もオバケに会いたい」と言ってくれる母を見て、心強さを感じた二人は母が早く退院して一緒に暮らせることを願う。,となりのトトロ
サツキが小学校に通う日がやってくると、1人で遊んでいたメイは庭で不思議な生き物を見つける。,となりのトトロ
その生き物を追いかけて森に入ると、そこにはずっと大きな生き物が寝転んでいる。,となりのトトロ
その生き物にメイが名を尋ねると、"トトロ"と答えたようにメイには聞こえた。,となりのトトロ
メイはサツキや父にもトトロを見せようとするが、トトロが寝ていた場所が見つからない。,となりのトトロ
本当にトトロを見たと言い張るメイに、父は「トトロはきっと森の主で、いつでも会えるわけではないのだ」と優しく諭す。,となりのトトロ
梅雨の季節となったある夜、サツキとメイが森にあるバス停で父の帰りを待っていると、そこにトトロがやって来る。,となりのトトロ
サツキがトトロに傘を貸してやると、トトロはお礼に木の実を渡し、バスの姿をしたネコ（ネコバス）に乗って行ってしまう。,となりのトトロ
二人は木の実を庭にまいたが、なかなか芽が出ない。,となりのトトロ
すると二人はトトロの夢をみる。,となりのトトロ
夢の中で木の実は巨木へと育ち、二人はトトロと共に空を飛ぶ。,となりのトトロ
目が覚めると巨木は消えていたが、かわりに小さな芽が生えていた。,となりのトトロ
それを見た二人は、夢だけど夢ではなかったと大喜びする。,となりのトトロ
夏となったある日に、二人がトウモロコシを収穫していると、病院から突然の連絡が入る。,となりのトトロ
母が体調を崩してしまい退院が延びるというのだ。,となりのトトロ
不安になったサツキは母が死ぬかもしれないと泣き出し、それを見たメイは1人で病院に向ってしまう。,となりのトトロ
村中でメイを探すが見つからない。,となりのトトロ
途方にくれたサツキがトトロに助けを求めると、トトロがネコバスを呼んでくれる。,となりのトトロ
サツキを乗せたネコバスは風のように走り、道に迷っていたメイを見つける。,となりのトトロ
メイは母にトウモロコシを持って行きたかったという。,となりのトトロ
ネコバスは二人を病院に連れて行く。,となりのトトロ
そこには元気そうに父と話す母の姿があり、それを見た二人は安心する。,となりのトトロ
母が二人の気配に気づくと、そこにはメイが持ってきたトウモロコシが置かれていた。,となりのトトロ
『ハウルの動く城』（ハウルのうごくしろ）は日本の長編アニメーション映画。,ハウルの動く城
 スタジオジブリが製作し、日比谷スカラ座（現：TOHOシネマズスカラ座）を筆頭に東宝系で2004年11月20日に公開された。,ハウルの動く城
 監督は宮崎駿。,ハウルの動く城
 イギリスの作家ダイアナ・ウィン・ジョーンズのファンタジー小説『魔法使いハウルと火の悪魔』（原題:Howl’s Moving Castle）を原作とし、呪いで老婆にされた少女ソフィーと魔法使いハウルの奇妙な共同生活が、宮崎監督により「戦火の恋」を柱として脚色され描かれている。,ハウルの動く城
物語前半は比較的原作に準じているが、後半は原作には無かった戦争が付け加えられるなど全く違った展開になっている。,ハウルの動く城
原作者のジョーンズは「ハウルの性格を変えないように」とだけ注文をつけ、映画の感想を「とても素晴らしかった」「宮崎は私が執筆したときと同じ精神で映画を作った」と語っている。,ハウルの動く城
スタジオジブリの宮崎駿監督の長編映画としては『魔女の宅急便』以来、15年振りとなる他者原作の作品となった。,ハウルの動く城
帽子屋の少女ソフィーは、兵隊にからまれていた所を魔法使いのハウルに助けられる。,ハウルの動く城
しかしハウルも、彼をつけ狙う"荒地の魔女"に追われているところだった。,ハウルの動く城
その後ハウルと別れたソフィーはその夜、魔女の呪いで90歳の老婆に姿を変えられてしまう。,ハウルの動く城
帽子屋に居られなくなり、街を出たソフィーは、荒地で不思議なカカシの"カブ"を助け、彼が連れてきたハウルの動く城に出会う。,ハウルの動く城
城の暖炉には火の悪魔カルシファーがいた。,ハウルの動く城
彼はハウルとの契約に縛られてこき使われており、自らの魔力で城を動かしていた。,ハウルの動く城
彼はソフィーに、ハウルとの契約の謎を解いて、自由にしてほしいと頼んでくる。,ハウルの動く城
その後、ソフィーは城の掃除婦になるとハウルに言って、そのまま城に住むことになる。,ハウルの動く城
隣国との戦争が始まると、王に仕える魔法使いのマダム・サリマンがハウルに国への協力を求めてくる。,ハウルの動く城
サリマンはハウルの昔の師匠で、悪魔と取引をしたハウルが彼女の元を去ったことを嘆いていた。,ハウルの動く城
彼女はハウルが協力するならば悪魔と手を切る方法を教え、協力しないならば魔力を奪うという。,ハウルの動く城
悪魔と取引していた荒地の魔女も、サリマンに魔力を奪われてしまう。,ハウルの動く城
ハウルとともにサリマンと面会したソフィーはサリマンの前でハウルを弁護したが、サリマンは国に協力しないハウルを襲い、その後も彼を狙い続ける。,ハウルの動く城
ハウルはサリマンから隠れるため、それまで住んでいた城からソフィーの帽子屋へ魔法で引越しをする。,ハウルの動く城
魔力を奪われて普通の老婆に戻ってしまった荒地の魔女も家族に加わることになる。,ハウルの動く城
しかし町は空襲を受け、ハウルはソフィーを守るためと言い、戦いに行ってしまう。,ハウルの動く城
ソフィーは、彼が戦うのは町に彼女達がいるからだと考え、帽子屋を出て荒地の城に戻り、それからハウルを助けに行こうとする。,ハウルの動く城
その時、荒地の魔女が、彼女が欲しがっていたハウルの心臓をカルシファーが持っていたことに気づく。,ハウルの動く城
彼女はカルシファーに手を触れて火達磨となり、ソフィーは思わず2人に水を掛けてしまう。,ハウルの動く城
するとカルシファーの魔力に支えられていた城は途端に崩壊し、ソフィーはその残骸と共に谷底へ落ちる。,ハウルの動く城
谷底でソフィーは、ドアの残骸の先が別の世界とつながっていることに気づき、その世界で子供時代のハウルを見つける。,ハウルの動く城
ハウルが流星を飲み込み、胸から火に包まれた心臓を取り出すのを見たソフィーは、彼に「きっと行くから未来で待ってて」と叫びながら元の世界に帰る。,ハウルの動く城
この時、いつの間にか彼女の姿は老婆から少女に戻っていた。,ハウルの動く城
元の世界では、悪魔のような姿に変わり果てたハウルが、精気を失った顔で待っていた。,ハウルの動く城
ハウルが自分をずっと待ってくれていたのだと、ソフィーは気づく。,ハウルの動く城
ソフィーが荒地の魔女からハウルの心臓を受け取って彼の胸に戻すと、流星に戻ったカルシファーは自由になって飛び去り、ハウルも精気を取り戻す。,ハウルの動く城
カルシファーの魔力に支えられていた城の残骸が崩れ、乗っていたソフィー達は谷へ落ちそうになるが、突然現れたカカシのカブが身を投げ出して防ぐ。,ハウルの動く城
ソフィーがカブに感謝のキスをすると、カブは人間の姿に変わる。,ハウルの動く城
彼の正体は呪いを掛けられていた隣国の王子で、国に戻って戦争を終らせるという。,ハウルの動く城
その様子を魔法で見ていたサリマンは、このバカげた戦争を終らせようとつぶやく。,ハウルの動く城
自由になったカルシファーも、みんなといたいと言って帰ってきた。,ハウルの動く城
新しくなった城でソフィーとハウルはキスをする。,ハウルの動く城
そしてハウルの動く城は、皆を乗せて青空を飛んでいくのだった。,ハウルの動く城
『天空の城ラピュタ』（てんくうのしろラピュタ）は1986年に制作されたスタジオジブリ初制作の宮崎駿監督の長編アニメーション作品。,天空の城ラピュタ
監督である宮崎の小学校時代に考えていた架空の作品が骨子となっており、原作となる作品が存在しない初のアニメオリジナルの監督作品である。,天空の城ラピュタ
製作は徳間書店。,天空の城ラピュタ
高畑勲の映画『柳川堀割物語』の製作遅延により資金調達に追われた宮崎が、徳間書店の鈴木敏夫に相談したことから企画が立ち上げられ、この映画をきっかけに設立されたスタジオジブリ制作映画の1作品目となった。,天空の城ラピュタ
次第に高年齢向けになっていくアニメに対して、マンガ映画の復活を目標に小学生を対象に古典的な冒険活劇として企画され、それが結果的に大人の鑑賞に耐えうる作品になるというのが宮崎の方針であった。,天空の城ラピュタ
音楽は冒険活劇ということから宇崎竜童に決定していたが、プロデューサーの高畑勲の再考により『風の谷のナウシカ』の久石譲が続投することになった。,天空の城ラピュタ
興行こそ数字的には振るわなかったものの（後述）、配給した東映による観客満足度調査は97.7%と高く、物語は幅広い年齢層に支持され、ビデオ販売は好調であった。,天空の城ラピュタ
「ラピュタ」という名称は、スウィフトの『ガリヴァー旅行記』に登場する、空を飛ぶ島にある王国「ラピュタ王国（en:Laputa）」からとったもの。,天空の城ラピュタ
劇中に空飛ぶ島の物語を空想した人物としてスウィフトの名前も出てくるが、名前の借用以外は『ガリヴァー旅行記』との関連はない。,天空の城ラピュタ
19世紀後半、産業革命期のヨーロッパを元にした架空世界での冒険を描く。,天空の城ラピュタ
少女シータは、政府の特務機関に捕らえられ飛行船に乗せられていた。,天空の城ラピュタ
彼らの狙いはシータが亡き母から受け継いだ、謎の青い石だった。,天空の城ラピュタ
そこへその石を同じく狙う海賊ドーラ一家の襲撃があり、逃げようとしたシータは誤って飛行船から落ちる。,天空の城ラピュタ
シータは石が放つ不思議な光に包まれて気を失いながらゆっくりと落ちて行き、鉱山で働く少年パズーに助けられる。,天空の城ラピュタ
パズーはシータが追われていることを知り、彼女を守って共に逃げる。,天空の城ラピュタ
ドーラ一家に追われた二人は谷に落ちるが、石の力によって再び救われる。,天空の城ラピュタ
石に詳しい老人ポムによればそれは昔ラピュタで作られた飛行石だという。,天空の城ラピュタ
ラピュタは空に浮かぶという伝説の城だが、パズーの亡き父はラピュタを見ており、ラピュタへ行くのはパズーの夢だった。,天空の城ラピュタ
不思議なことにシータの家には"ラピュタ"という秘密の名前も受け継がれていた。,天空の城ラピュタ
老人と別れ、地上に戻った二人は特務機関に捕まり、軍の要塞へ連行される。,天空の城ラピュタ
そこでシータは特務機関を指揮するムスカ大佐から、昔ラピュタから落ちてきた壊れたロボット兵を見せられる。,天空の城ラピュタ
ラピュタは遠い昔に滅びたが、かつて高度な科学力で天空から世界を支配した恐怖の帝国であり、今も空のどこかに浮いているという。,天空の城ラピュタ
飛行石はラピュタの王族が、いつかラピュタに帰るために代々受け継ぐ物だった。,天空の城ラピュタ
ムスカはシータがラピュタ王の末裔だと明かす。,天空の城ラピュタ
ラピュタが平和にとって危険であるとムスカはラピュタ探索への協力を求め、パズーの命を盾とされたシータは、やむなくそれを受け入れる。,天空の城ラピュタ
その夜、シータは昔教わった"困った時のおまじない"を何げなく唱える。,天空の城ラピュタ
彼女は知らなかったが、それはラピュタの封印を解く言葉だった。,天空の城ラピュタ
その言葉によりロボット兵は目覚めて暴れ出し、石は空に光を放ってラピュタの位置を指し示す。,天空の城ラピュタ
一方ムスカに解放されたパズーは、石を狙っている海賊のドーラに捕まる。,天空の城ラピュタ
パズーはドーラが石を奪いに要塞へ行くことを知り、自分も連れて行くように求める。,天空の城ラピュタ
その方がシータが言うことを聞くと考えたドーラはそれを許し、ロボットによって混乱する要塞から協力してシータを救い出す。,天空の城ラピュタ
しかし、石はムスカの手に渡り、彼は軍と共にラピュタに出発する。,天空の城ラピュタ
パズーとシータもドーラの飛行船に乗せてもらい、ラピュタへと向かう。,天空の城ラピュタ
だが、ドーラの飛行船は軍に発見され雲間に逃れるも再度遭遇し攻撃されてしまう。,天空の城ラピュタ
ドーラの命令で見張り台を切り離してグライダーとして使用していたパズーとシータは軍の攻撃により繋ぎ止めていたワイヤーが断ち切られ、飛行船とはぐれて嵐に飲み込まれてしまう。,天空の城ラピュタ
雷に打たれたパズーは目前に現れた青白い飛行船に導かれてラピュタに辿り着く。,天空の城ラピュタ
そこには軍に捕まったドーラ一家の姿があった。,天空の城ラピュタ
パズーはドーラを助けるが、シータはムスカに捕まってしまう。,天空の城ラピュタ
ムスカの本当の狙いとは、ラピュタの力を手に入れて世界を支配することだった。,天空の城ラピュタ
ムスカはシータに自分もラピュタ王の末裔だと明かし、飛行石で城の力を操って、軍の兵隊を皆殺しにする。,天空の城ラピュタ
それを見たシータはムスカから飛行石を奪って逃げ、昔教わった滅びの言葉「バルス」をパズーと共に唱える。,天空の城ラピュタ
すると城は崩壊し、ムスカは瓦礫と共に海へ落ちる。,天空の城ラピュタ
パズーとシータはグライダーで城から離れ空でドーラ一家と再会して喜び合う。,天空の城ラピュタ
彼らと別れ、二人は灯がともり始めた港町へ、ゆっくりと降りていった。,天空の城ラピュタ
『紅の豚』（くれないのぶた）は、スタジオジブリ制作の日本の長編アニメーション作品。,紅の豚
アニメーション映画として1992年7月18日から東宝系で公開された。,紅の豚
監督は宮崎駿。,紅の豚
前作の『魔女の宅急便』に続いて劇場用アニメ映画の興行成績日本記録を更新した。,紅の豚
この作品以降、スタジオジブリ映画における宮崎駿監督作品は全て東宝系での公開となった。,紅の豚
スタジオジブリ作品では初めて、ヒロイン役を演じた役者本人が主題歌を歌っている。,紅の豚
世界大恐慌時のイタリア、アドリア海を舞台に、飛行艇を乗り回す海賊ならぬ空賊（空中海賊）と、それを相手に賞金稼ぎで生きるブタの姿をした退役軍人操縦士の物語。,紅の豚
日本航空での機内上映用として製作が開始されたが、長編化したため、劇場公開されることとなった。,紅の豚
このため、劇場公開より先に日本航空国際便機内で先行上映され、劇場公開後も機内上映は続けられた。,紅の豚
2007年9月には、日本航空国際線機内で「紅の豚」の再上映が行われた。,紅の豚
原案は、月刊誌『モデルグラフィックス』の連載漫画記事宮崎駿の雑想ノートの「飛行艇時代」である[注 1]。,紅の豚
生家が航空機産業に関係していたため、幼い頃から空を飛ぶことに憧れていた宮崎が、自分の夢として描いた作品である。,紅の豚
宮崎自身がその演出覚書において、「疲れて脳細胞が豆腐になった中年男のためのマンガ映画」にしたいと記している。,紅の豚
本編制作中にプロデューサー鈴木敏夫の製作した宣伝用予告映像は、過激な空戦シーンを中心に繋いだ戦争映画さながらのものだった。,紅の豚
まるで本編と方向性の異なるイメージで作られたそれに対し、宮崎は猛烈に怒ったという。,紅の豚
加藤登紀子が主題歌とエンディング曲を歌うと共に、声優としても出演している。,紅の豚
作品世界は、宮崎自身の趣味を反映し、それまでの「子供向け」ではなく同年代に向けた作品となっている。,紅の豚
一貫してアニメを児童のために作ることを自らに課してきた宮崎にとっては、製作後も是非を悩み続ける作品となった。,紅の豚
一方で「イタリア人すら忘れてしまった航空機を復活させたり、存在しない空軍を出せたりしたことは道楽としては楽しかった」とも語っている。,紅の豚
また、借りぐらしのアリエッティ製作時のインタビューで「紅の豚の続編をやりたい」、「題名は「ポルコ・ロッソ 最後の出撃」」と語っており、宮崎の思い入れが非常に強いことが伺える。,紅の豚
他のジブリ作品同様に『金曜ロードSHOW!』で繰り返し放送されており、宮崎が長編アニメ製作からの引退会見を行った2013年9月6日には当初の放送予定を変更して急遽オンエアされている。,紅の豚
第一次世界大戦で戦勝国だったイタリア王国だが、国民から「栄光なき勝利」と呼ばれるまでに経済が不安定になっていた。,紅の豚
本編は1929年頃の物語[注 2]で、既にイタリアは1922年のローマ進軍以来、ムッソリーニ率いるファシスト党の独裁下となっている。,紅の豚
1931年から本格的にヨーロッパへ波及する大恐慌の足音や、この当時一世を風靡したアニメーション、ベティ・ブープに似た映画、ライバル役のカーチスが1933年のラジオドラマ『ローン・レンジャー』の名台詞「ハイヨー、シルバー!」を口にするなど、当時の世情を伺わせる描写が散りばめられている。,紅の豚
作品名の「紅」とは主人公の駆る飛行艇の機体色だが、国家対抗の色合いが強かった当時のカーレースにおけるイタリア人レーサー搭乗車のボディーカラーもまた、イタリア語で「レーシングの赤」を意味する「ロッソ・コルサ」であり、イギリスの緑、フランスの青、ドイツの黒と並んで「イタリアン・カラー」と呼ばれていた。,紅の豚
深紅の飛行艇を駆る豚のポルコは、かつてイタリア空軍のエースだったが、今はアドリア海の小島に隠棲し、空中海賊（空賊）退治を請け負う賞金稼ぎとして生きていた。,紅の豚
マンマユート団たち空賊連合は、いつも商売の邪魔をするポルコを目の敵にしている。,紅の豚
ある晩、昔馴染みのジーナが営むホテル・アドリアーノに出かけたポルコは、米国製の飛行艇を操るアメリカ人カーチスに出会う。,紅の豚
カーチスは空賊連合が雇った用心棒だった。,紅の豚
しばらく後、愛艇のエンジン整備のためミラノに向かって飛んでいたポルコは、カーチスと遭遇し撃墜されてしまう。,紅の豚
ポルコが大破した愛艇をミラノの工房ピッコロ社に持ち込むと、待っていたのはピッコロの孫で17歳の少女フィオだった。,紅の豚
ポルコは驚くが、フィオの熱意に絆されて設計を任せる。,紅の豚
一方、ファシスト政権に非協力的なポルコは、ミラノでも秘密警察や空軍に狙われていることが判る。,紅の豚
警告に来たかつての戦友は空軍への復帰を薦めるが、ポルコにそのつもりはない。,紅の豚
ホテル・アドリアーノでは一目ぼれしたカーチスがジーナに求婚するが、ジーナはポルコを待ち続けていた。,紅の豚
フィオの才能と献身によって復活した愛艇を駆り、ファシストの追手も振り切ってポルコがアドリア海に帰還すると、空賊連合が待ち受けていた。,紅の豚
フィオの提案で、ポルコとカーチスの決闘が組まれ、ポルコはフィオを、カーチスはポルコの修理代金を賭けて戦うことになる。,紅の豚
決闘当日、イタリア中の飛行艇乗りやならず者が見物に集まる一方で、ジーナは空軍の大編隊がポルコと空賊を一網打尽にしようと襲撃を計画していることを察知していた。,紅の豚
ポルコとカーチスのドッグファイトは決着がつかず、決闘は殴り合いにもつれ込む。,紅の豚
危機を知らせにジーナが駆けつけると、二人ともノックアウトされているが、ポルコが辛うじて立ち上がり勝者となる。,紅の豚
その後、フィオはピッコロ社を継ぎ、ジーナと親交を温める。,紅の豚
カーチスはアメリカに帰国後、ハリウッドスターになる。,紅の豚
そして、ホテル・アドリアーノの上空を紅い飛行艇が飛んでゆく。,紅の豚
ポルコが人間に戻ったのか、ジーナと結ばれたのかは明かされないまま、物語は幕を閉じる。,紅の豚
