山口,1290,1290,4000,名詞,ユーザー定義,人名,姓,*,*,山口,ヤマグチ,ヤマグチ
田中,1290,1290,4000,名詞,ユーザー定義,人名,姓,*,*,田中,タナカ,タナカ
永嶋,1290,1290,4000,名詞,ユーザー定義,人名,姓,*,*,永嶋,ナガシマ,ナガシマ
瀬川,1290,1290,4000,名詞,ユーザー定義,人名,姓,*,*,瀬川,セガワ,セガワ
田島,1290,1290,4000,名詞,ユーザー定義,人名,姓,*,*,田島,タシマ,タシマ
大山,1290,1290,4000,名詞,ユーザー定義,人名,姓,*,*,大山,オオヤマ,オオヤマ
渡邊,1290,1290,4000,名詞,ユーザー定義,人名,姓,*,*,渡邊,ワタナベ,ワタナベ
倉成,1290,1290,4000,名詞,ユーザー定義,人名,姓,*,*,倉成,クラナリ,クラナリ
木元,1290,1290,4000,名詞,ユーザー定義,人名,姓,*,*,木元,キモト,キモト
宇佐波,1290,1290,4000,名詞,ユーザー定義,人名,姓,*,*,宇佐波,ウサナミ,ウサナミ
A室,1285,1285,5622,名詞,ユーザー定義,場所,*,*,*,A室,エーシツ,エーシツ
B室,1285,1285,5622,名詞,ユーザー定義,場所,*,*,*,B室,ビーシツ,ビーシツ
C室,1285,1285,5622,名詞,ユーザー定義,場所,*,*,*,C室,シーシツ,シーシツ
C室,1285,1285,5622,名詞,ユーザー定義,場所,*,*,*,C室,シーシツ,シーシツ
～,147,147,4159,助詞,ユーザー定義,時間,*,*,*,から,カラ,カラ
~,147,147,4159,助詞,ユーザー定義,時間,*,*,*,から,カラ,カラ
月曜,1314,1314,4500,名詞,ユーザー定義,時間,*,*,*,月曜日,ゲツヨウビ,ゲツヨービ
火曜,1314,1314,4500,名詞,ユーザー定義,時間,*,*,*,火曜日,カヨウビ,カヨービ
水曜,1314,1314,4500,名詞,ユーザー定義,時間,*,*,*,水曜日,スイヨウビ,スイヨービ
木曜,1314,1314,4500,名詞,ユーザー定義,時間,*,*,*,木曜日,モクヨウビ,モクヨービ
金曜,1314,1314,4500,名詞,ユーザー定義,時間,*,*,*,金曜日,キンヨウビ,キンヨービ
土曜,1314,1314,4500,名詞,ユーザー定義,時間,*,*,*,土曜日,ドヨウビ,ドヨービ
日曜,1314,1314,4500,名詞,ユーザー定義,時間,*,*,*,日曜日,ニチヨウビ,ニチヨービ
月,1285,1314,4000,名詞,ユーザー定義,時間,*,*,*,月曜日,ゲツヨウビ,ゲツヨービ
火,1285,1314,4000,名詞,ユーザー定義,時間,*,*,*,火曜日,カヨウビ,カヨービ
水,1285,1314,4000,名詞,ユーザー定義,時間,*,*,*,水曜日,スイヨウビ,スイヨービ
木,1285,1314,4000,名詞,ユーザー定義,時間,*,*,*,木曜日,モクヨウビ,モクヨービ
金,1285,1314,4000,名詞,ユーザー定義,時間,*,*,*,金曜日,キンヨウビ,キンヨービ
土,1285,1314,4000,名詞,ユーザー定義,時間,*,*,*,土曜日,ドヨウビ,ドヨービ
日,1285,1314,4000,名詞,ユーザー定義,時間,*,*,*,日曜日,ニチヨウビ,ニチヨービ
