{
  "area": "大濠・六本松",
  "category": "居酒屋",
  "title": "竹乃屋 六本松店",
  "body": "品数豊富にご提供♪リーズナブルだけでなく、新鮮素材や自家製にもこだわっているのが当店の魅力です！◆おすすめ料理◆「お寿司の7種盛と旬魚のにぎり」は、土日、祝日には半額で味わえるうれしいメニュー！新鮮鮮魚が味わえる自慢の料理をお楽しみください。＜お寿司の7種盛と旬魚のにぎり平日890円（税抜）　土日祝445円（税抜）お願いします。＞◆2時間飲み放題付き！！◆コース料理は3,500円（税抜）からご用意！鮮度重視の海鮮料理や、イベリコ豚サイコロステーキなど充実した内容で各種宴会にもおすすめ◎会社宴会やご友人との飲み会など様々なシーンにご利用ください！◆気軽にどうぞ◆駅近とアクセス抜群！会社帰りの一杯にいかがですか♪テーブル席や人気のソファー席のほか、お一人様でも気軽にご利用できるカウンター席もございます。",
  "voice": "品数豊富でリーズナブルなだけでなく、新鮮素材や自家製にもこだわっているのが魅力です。",
  "address": "福岡県福岡市中央区六本松4-2-6 1F",
  "tell": "092-517-2245",
  "cost": "2500"
}