{
  "area": "大濠・六本松",
  "category": "居酒屋",
  "title": "原始ろばた焼 ホワイトハウス",
  "body": "［鰹のたたき」で有名な「藁焼き」。福岡ではまだ希少な本場仕込みの「わら焼」をお楽しみいただけます。さらに囲炉裏のそばで焼いているようにじっくり焼き上げる「原始焼き」は、皮はパリッパリ・身はふっくら！宴会コースも生ビール・日本酒・ワイン・焼酎・ソフトドリンクの飲み放題付でご予約承っております！",
  "voice": "囲炉裏のそばで焼いているようにじっくり焼き上げる「原始焼き」をお楽しみいただけます",
  "address": "福岡県福岡市中央区六本松4-9-10 1F",
  "tell": "092-724-7307",
  "cost": "3500"
}