{
  "area": "博多",
  "category": "居酒屋",
  "title": "てば咲 けいすけ",
  "body": "鳥料理一筋の料理人が自信を持ってご提供する本格手羽先！鮮度抜群の九州地鶏を秘伝のタレにつけこみ唐揚げに！そのほかやみつき間違いなしの串焼きや手作り手ごねつくね、九州産を中心とした新鮮な産直野菜など、豊富な一品料理をお楽しみください！",
  "voice": "鳥料理一筋の料理人が自信を持ってご提供する本格手羽先が売りの居酒屋です。",
  "address": "福岡県福岡市博多区博多駅前4-5-1",
  "tell": "092-483-5206",
  "cost": "3500"
}