{
  "area": "大濠・六本松",
  "category": "居酒屋",
  "title": "薩摩焼酎 地鶏のお店 とーごー",
  "body": "薩摩焼酎の蔵元は百軒以上あります。その中から私が厳選した焼酎を取り扱わせて頂いております。原材料の芋、麹も違えば蒸留・濾過の仕方も違い風味も様々です。是非飲み比べてお楽しみ下さい。店内はカウンター１０席・フレキシブルな掘りごたつ２０席御座います。宴会メニューも４名様よりご用意しております。貸し切りでのご宴会も承ります。お一人様から団体様までお客様のご来店心よりお待ちいたしております。",
  "voice": "百軒以上ある薩摩焼酎の蔵元の中から、亭主が厳選した焼酎を取り扱っております。",
  "address": "福岡県福岡市中央区 大手門3-4-22 OMビルB1",
  "tell": "092-725-3886",
  "cost": "3500"
}