すの子,-1,-1,1,名詞,ユーザー定義,場所,*,*,*,*,*,*
アクロス福岡・水鏡天満宮前,-1,-1,1,名詞,ユーザー定義,場所,*,*,*,*,*,*
ヒルトン福岡シーホーク,-1,-1,1,名詞,ユーザー定義,場所,*,*,*,*,*,*
ヒルトン福岡シーホーク前,-1,-1,1,名詞,ユーザー定義,場所,*,*,*,*,*,*
ヤフオクドーム前,-1,-1,1,名詞,ユーザー定義,場所,*,*,*,*,*,*
一本木,-1,-1,1,名詞,ユーザー定義,場所,*,*,*,*,*,*
上智福岡中高前,-1,-1,1,名詞,ユーザー定義,場所,*,*,*,*,*,*
中央市民プール,-1,-1,1,名詞,ユーザー定義,場所,*,*,*,*,*,*
九州医療センタ一,-1,-1,1,名詞,ユーザー定義,場所,*,*,*,*,*,*
九電体育館,-1,-1,1,名詞,ユーザー定義,場所,*,*,*,*,*,*
今川橋,-1,-1,1,名詞,ユーザー定義,場所,*,*,*,*,*,*
今川西町公園前,-1,-1,1,名詞,ユーザー定義,場所,*,*,*,*,*,*
今泉一丁目,-1,-1,1,名詞,ユーザー定義,場所,*,*,*,*,*,*
伊崎,-1,-1,1,名詞,ユーザー定義,場所,*,*,*,*,*,*
六本松三丁目,-1,-1,1,名詞,ユーザー定義,場所,*,*,*,*,*,*
六本松二丁目,-1,-1,1,名詞,ユーザー定義,場所,*,*,*,*,*,*
六本松大通り,-1,-1,1,名詞,ユーザー定義,場所,*,*,*,*,*,*
別府団地,-1,-1,1,名詞,ユーザー定義,場所,*,*,*,*,*,*
別府橋,-1,-1,1,名詞,ユーザー定義,場所,*,*,*,*,*,*
動物園前,-1,-1,1,名詞,ユーザー定義,場所,*,*,*,*,*,*
医療センター場内,-1,-1,1,名詞,ユーザー定義,場所,*,*,*,*,*,*
南山荘通,-1,-1,1,名詞,ユーザー定義,場所,*,*,*,*,*,*
南薬院,-1,-1,1,名詞,ユーザー定義,場所,*,*,*,*,*,*
友泉中学校前,-1,-1,1,名詞,ユーザー定義,場所,*,*,*,*,*,*
唐人町,-1,-1,1,名詞,ユーザー定義,場所,*,*,*,*,*,*
唐人町三丁目,-1,-1,1,名詞,ユーザー定義,場所,*,*,*,*,*,*
地行,-1,-1,1,名詞,ユーザー定義,場所,*,*,*,*,*,*
大名二丁目,-1,-1,1,名詞,ユーザー定義,場所,*,*,*,*,*,*
大手門・平和台陸上競技場入口,-1,-1,1,名詞,ユーザー定義,場所,*,*,*,*,*,*
大手門三丁目,-1,-1,1,名詞,ユーザー定義,場所,*,*,*,*,*,*
大濠,-1,-1,1,名詞,ユーザー定義,場所,*,*,*,*,*,*
大濠公園,-1,-1,1,名詞,ユーザー定義,場所,*,*,*,*,*,*
大濠公園南,-1,-1,1,名詞,ユーザー定義,場所,*,*,*,*,*,*
天神コア前,-1,-1,1,名詞,ユーザー定義,場所,*,*,*,*,*,*
天神ソラリアステージ前,-1,-1,1,名詞,ユーザー定義,場所,*,*,*,*,*,*
天神・福岡市役所前,-1,-1,1,名詞,ユーザー定義,場所,*,*,*,*,*,*
天神一丁目,-1,-1,1,名詞,ユーザー定義,場所,*,*,*,*,*,*
天神三丁目,-1,-1,1,名詞,ユーザー定義,場所,*,*,*,*,*,*
天神三丁目,-1,-1,1,名詞,ユーザー定義,場所,*,*,*,*,*,*
天神中央郵便局前,-1,-1,1,名詞,ユーザー定義,場所,*,*,*,*,*,*
天神中央郵便局前,-1,-1,1,名詞,ユーザー定義,場所,*,*,*,*,*,*
天神中央郵便局前,-1,-1,1,名詞,ユーザー定義,場所,*,*,*,*,*,*
天神北,-1,-1,1,名詞,ユーザー定義,場所,*,*,*,*,*,*
天神北,-1,-1,1,名詞,ユーザー定義,場所,*,*,*,*,*,*
天神北,-1,-1,1,名詞,ユーザー定義,場所,*,*,*,*,*,*
天神協和ビル前,-1,-1,1,名詞,ユーザー定義,場所,*,*,*,*,*,*
天神南,-1,-1,1,名詞,ユーザー定義,場所,*,*,*,*,*,*
天神四丁目,-1,-1,1,名詞,ユーザー定義,場所,*,*,*,*,*,*
天神大丸前,-1,-1,1,名詞,ユーザー定義,場所,*,*,*,*,*,*
天神大和証券前,-1,-1,1,名詞,ユーザー定義,場所,*,*,*,*,*,*
天神新天町入口,-1,-1,1,名詞,ユーザー定義,場所,*,*,*,*,*,*
天神日銀前,-1,-1,1,名詞,ユーザー定義,場所,*,*,*,*,*,*
天神福ビル前,-1,-1,1,名詞,ユーザー定義,場所,*,*,*,*,*,*
天神福銀本店前,-1,-1,1,名詞,ユーザー定義,場所,*,*,*,*,*,*
天神証券ビル前,-1,-1,1,名詞,ユーザー定義,場所,*,*,*,*,*,*
天神警固神社・三越前,-1,-1,1,名詞,ユーザー定義,場所,*,*,*,*,*,*
天神高速バスターミナル前,-1,-1,1,名詞,ユーザー定義,場所,*,*,*,*,*,*
小笹,-1,-1,1,名詞,ユーザー定義,場所,*,*,*,*,*,*
小笹中央公園前,-1,-1,1,名詞,ユーザー定義,場所,*,*,*,*,*,*
小笹二丁目,-1,-1,1,名詞,ユーザー定義,場所,*,*,*,*,*,*
小笹南口,-1,-1,1,名詞,ユーザー定義,場所,*,*,*,*,*,*
小笹団地東門,-1,-1,1,名詞,ユーザー定義,場所,*,*,*,*,*,*
小笹団地正門前,-1,-1,1,名詞,ユーザー定義,場所,*,*,*,*,*,*
小笹,-1,-1,1,名詞,ユーザー定義,場所,*,*,*,*,*,*
山荘通,-1,-1,1,名詞,ユーザー定義,場所,*,*,*,*,*,*
市民会館前,-1,-1,1,名詞,ユーザー定義,場所,*,*,*,*,*,*
平和三丁目,-1,-1,1,名詞,ユーザー定義,場所,*,*,*,*,*,*
平和五丁目,-1,-1,1,名詞,ユーザー定義,場所,*,*,*,*,*,*
平和台通り,-1,-1,1,名詞,ユーザー定義,場所,*,*,*,*,*,*
教会前,-1,-1,1,名詞,ユーザー定義,場所,*,*,*,*,*,*
新川町,-1,-1,1,名詞,ユーザー定義,場所,*,*,*,*,*,*
春吉,-1,-1,1,名詞,ユーザー定義,場所,*,*,*,*,*,*
柳橋,-1,-1,1,名詞,ユーザー定義,場所,*,*,*,*,*,*
桜坂,-1,-1,1,名詞,ユーザー定義,場所,*,*,*,*,*,*
桜坂,-1,-1,1,名詞,ユーザー定義,場所,*,*,*,*,*,*
梅光園,-1,-1,1,名詞,ユーザー定義,場所,*,*,*,*,*,*
梅光園一丁目,-1,-1,1,名詞,ユーザー定義,場所,*,*,*,*,*,*
梅光園口,-1,-1,1,名詞,ユーザー定義,場所,*,*,*,*,*,*
法務局前,-1,-1,1,名詞,ユーザー定義,場所,*,*,*,*,*,*
浜の町病院入口,-1,-1,1,名詞,ユーザー定義,場所,*,*,*,*,*,*
渡辺通一丁目サンセルコ前,-1,-1,1,名詞,ユーザー定義,場所,*,*,*,*,*,*
渡辺通一丁目十八銀行前,-1,-1,1,名詞,ユーザー定義,場所,*,*,*,*,*,*
渡辺通一丁目電気ビル共創館前,-1,-1,1,名詞,ユーザー定義,場所,*,*,*,*,*,*
渡辺通一丁目ＦＭ福岡前,-1,-1,1,名詞,ユーザー定義,場所,*,*,*,*,*,*
渡辺通二丁目,-1,-1,1,名詞,ユーザー定義,場所,*,*,*,*,*,*
港一丁目,-1,-1,1,名詞,ユーザー定義,場所,*,*,*,*,*,*
港二丁目,-1,-1,1,名詞,ユーザー定義,場所,*,*,*,*,*,*
港郵便局前,-1,-1,1,名詞,ユーザー定義,場所,*,*,*,*,*,*
港銀座通り,-1,-1,1,名詞,ユーザー定義,場所,*,*,*,*,*,*
田島,-1,-1,1,名詞,ユーザー定義,場所,*,*,*,*,*,*
福大大濠中高前,-1,-1,1,名詞,ユーザー定義,場所,*,*,*,*,*,*
福大若葉高校前,-1,-1,1,名詞,ユーザー定義,場所,*,*,*,*,*,*
福岡城・NHK放送センター入口,-1,-1,1,名詞,ユーザー定義,場所,*,*,*,*,*,*
福岡城・鴻臚館前,-1,-1,1,名詞,ユーザー定義,場所,*,*,*,*,*,*
福岡天神,-1,-1,1,名詞,ユーザー定義,場所,*,*,*,*,*,*
福岡市美術館東口,-1,-1,1,名詞,ユーザー定義,場所,*,*,*,*,*,*
やよい坂,-1,-1,1,名詞,ユーザー定義,場所,*,*,*,*,*,*
コットンヒルズ桧原公園通り前,-1,-1,1,名詞,ユーザー定義,場所,*,*,*,*,*,*
レークヒルズ中央,-1,-1,1,名詞,ユーザー定義,場所,*,*,*,*,*,*
レークヒルズ入口,-1,-1,1,名詞,ユーザー定義,場所,*,*,*,*,*,*
レークヒルズ野多目,-1,-1,1,名詞,ユーザー定義,場所,*,*,*,*,*,*
三宅一丁目,-1,-1,1,名詞,ユーザー定義,場所,*,*,*,*,*,*
三宅中央公園前,-1,-1,1,名詞,ユーザー定義,場所,*,*,*,*,*,*
三宅本町,-1,-1,1,名詞,ユーザー定義,場所,*,*,*,*,*,*
三月田公園前,-1,-1,1,名詞,ユーザー定義,場所,*,*,*,*,*,*
上警固,-1,-1,1,名詞,ユーザー定義,場所,*,*,*,*,*,*
下の原,-1,-1,1,名詞,ユーザー定義,場所,*,*,*,*,*,*
下日佐,-1,-1,1,名詞,ユーザー定義,場所,*,*,*,*,*,*
下曰佐,-1,-1,1,名詞,ユーザー定義,場所,*,*,*,*,*,*
中央病院前,-1,-1,1,名詞,ユーザー定義,場所,*,*,*,*,*,*
中尾一丁目,-1,-1,1,名詞,ユーザー定義,場所,*,*,*,*,*,*
中尾二丁目,-1,-1,1,名詞,ユーザー定義,場所,*,*,*,*,*,*
九州ガンセンター,-1,-1,1,名詞,ユーザー定義,場所,*,*,*,*,*,*
五十川,-1,-1,1,名詞,ユーザー定義,場所,*,*,*,*,*,*
五十川一丁目,-1,-1,1,名詞,ユーザー定義,場所,*,*,*,*,*,*
井尻一丁目,-1,-1,1,名詞,ユーザー定義,場所,*,*,*,*,*,*
井尻交差点,-1,-1,1,名詞,ユーザー定義,場所,*,*,*,*,*,*
井尻六ツ角,-1,-1,1,名詞,ユーザー定義,場所,*,*,*,*,*,*
井尻六ツ角,-1,-1,1,名詞,ユーザー定義,場所,*,*,*,*,*,*
井尻駅入口,-1,-1,1,名詞,ユーザー定義,場所,*,*,*,*,*,*
井尻駅前,-1,-1,1,名詞,ユーザー定義,場所,*,*,*,*,*,*
井尻駅北,-1,-1,1,名詞,ユーザー定義,場所,*,*,*,*,*,*
井尻駅,-1,-1,1,名詞,ユーザー定義,場所,*,*,*,*,*,*
井手,-1,-1,1,名詞,ユーザー定義,場所,*,*,*,*,*,*
北公園前,-1,-1,1,名詞,ユーザー定義,場所,*,*,*,*,*,*
南区役所前,-1,-1,1,名詞,ユーザー定義,場所,*,*,*,*,*,*
南市民センター前,-1,-1,1,名詞,ユーザー定義,場所,*,*,*,*,*,*
南警察署前,-1,-1,1,名詞,ユーザー定義,場所,*,*,*,*,*,*
古野,-1,-1,1,名詞,ユーザー定義,場所,*,*,*,*,*,*
古野,-1,-1,1,名詞,ユーザー定義,場所,*,*,*,*,*,*
向新町,-1,-1,1,名詞,ユーザー定義,場所,*,*,*,*,*,*
和田,-1,-1,1,名詞,ユーザー定義,場所,*,*,*,*,*,*
和田三丁目,-1,-1,1,名詞,ユーザー定義,場所,*,*,*,*,*,*
和田四丁目,-1,-1,1,名詞,ユーザー定義,場所,*,*,*,*,*,*
地禄神社,-1,-1,1,名詞,ユーザー定義,場所,*,*,*,*,*,*
塩原,-1,-1,1,名詞,ユーザー定義,場所,*,*,*,*,*,*
塩原四丁目,-1,-1,1,名詞,ユーザー定義,場所,*,*,*,*,*,*
大城戸,-1,-1,1,名詞,ユーザー定義,場所,*,*,*,*,*,*
大平寺,-1,-1,1,名詞,ユーザー定義,場所,*,*,*,*,*,*
大楠,-1,-1,1,名詞,ユーザー定義,場所,*,*,*,*,*,*
大橋一丁目,-1,-1,1,名詞,ユーザー定義,場所,*,*,*,*,*,*
大橋団地前,-1,-1,1,名詞,ユーザー定義,場所,*,*,*,*,*,*
大橋本町,-1,-1,1,名詞,ユーザー定義,場所,*,*,*,*,*,*
大橋駅降車場,-1,-1,1,名詞,ユーザー定義,場所,*,*,*,*,*,*
宮の下,-1,-1,1,名詞,ユーザー定義,場所,*,*,*,*,*,*
宮竹中学校前,-1,-1,1,名詞,ユーザー定義,場所,*,*,*,*,*,*
宮竹小学校西,-1,-1,1,名詞,ユーザー定義,場所,*,*,*,*,*,*
寺塚,-1,-1,1,名詞,ユーザー定義,場所,*,*,*,*,*,*
屋形原,-1,-1,1,名詞,ユーザー定義,場所,*,*,*,*,*,*
屋形原一丁目,-1,-1,1,名詞,ユーザー定義,場所,*,*,*,*,*,*
屋形原二丁目,-1,-1,1,名詞,ユーザー定義,場所,*,*,*,*,*,*
平和一丁目,-1,-1,1,名詞,ユーザー定義,場所,*,*,*,*,*,*
平和二丁目,-1,-1,1,名詞,ユーザー定義,場所,*,*,*,*,*,*
弥永一丁目,-1,-1,1,名詞,ユーザー定義,場所,*,*,*,*,*,*
弥永三丁目,-1,-1,1,名詞,ユーザー定義,場所,*,*,*,*,*,*
弥永団地,-1,-1,1,名詞,ユーザー定義,場所,*,*,*,*,*,*
弥永西小入口,-1,-1,1,名詞,ユーザー定義,場所,*,*,*,*,*,*
折立,-1,-1,1,名詞,ユーザー定義,場所,*,*,*,*,*,*
日赤前,-1,-1,1,名詞,ユーザー定義,場所,*,*,*,*,*,*
曰佐二丁目,-1,-1,1,名詞,ユーザー定義,場所,*,*,*,*,*,*
曰佐五丁目,-1,-1,1,名詞,ユーザー定義,場所,*,*,*,*,*,*
東大橋,-1,-1,1,名詞,ユーザー定義,場所,*,*,*,*,*,*
東花畑小学校前,-1,-1,1,名詞,ユーザー定義,場所,*,*,*,*,*,*
東若久,-1,-1,1,名詞,ユーザー定義,場所,*,*,*,*,*,*
松ケ枝口,-1,-1,1,名詞,ユーザー定義,場所,*,*,*,*,*,*
松本池,-1,-1,1,名詞,ユーザー定義,場所,*,*,*,*,*,*
柏原三丁目,-1,-1,1,名詞,ユーザー定義,場所,*,*,*,*,*,*
柏原営業所,-1,-1,1,名詞,ユーザー定義,場所,*,*,*,*,*,*
柏原小学校前,-1,-1,1,名詞,ユーザー定義,場所,*,*,*,*,*,*
柏原,-1,-1,1,名詞,ユーザー定義,場所,*,*,*,*,*,*
柏原,-1,-1,1,名詞,ユーザー定義,場所,*,*,*,*,*,*
柏原,-1,-1,1,名詞,ユーザー定義,場所,*,*,*,*,*,*
柏陵高校前,-1,-1,1,名詞,ユーザー定義,場所,*,*,*,*,*,*
柳河内,-1,-1,1,名詞,ユーザー定義,場所,*,*,*,*,*,*
桜町,-1,-1,1,名詞,ユーザー定義,場所,*,*,*,*,*,*
桜町,-1,-1,1,名詞,ユーザー定義,場所,*,*,*,*,*,*
桧原三ツ角,-1,-1,1,名詞,ユーザー定義,場所,*,*,*,*,*,*
桧原営業所,-1,-1,1,名詞,ユーザー定義,場所,*,*,*,*,*,*
桧原桜前,-1,-1,1,名詞,ユーザー定義,場所,*,*,*,*,*,*
桧原榎町,-1,-1,1,名詞,ユーザー定義,場所,*,*,*,*,*,*
桧原運動公園前,-1,-1,1,名詞,ユーザー定義,場所,*,*,*,*,*,*
横手一丁目,-1,-1,1,名詞,ユーザー定義,場所,*,*,*,*,*,*
横手南町,-1,-1,1,名詞,ユーザー定義,場所,*,*,*,*,*,*
横手四丁目,-1,-1,1,名詞,ユーザー定義,場所,*,*,*,*,*,*
横手四丁目西,-1,-1,1,名詞,ユーザー定義,場所,*,*,*,*,*,*
横手小学校前,-1,-1,1,名詞,ユーザー定義,場所,*,*,*,*,*,*
浦の谷,-1,-1,1,名詞,ユーザー定義,場所,*,*,*,*,*,*
清水一丁目,-1,-1,1,名詞,ユーザー定義,場所,*,*,*,*,*,*
清水三丁目,-1,-1,1,名詞,ユーザー定義,場所,*,*,*,*,*,*
清水二丁目,-1,-1,1,名詞,ユーザー定義,場所,*,*,*,*,*,*
清水四丁目,-1,-1,1,名詞,ユーザー定義,場所,*,*,*,*,*,*
清水四丁目,-1,-1,1,名詞,ユーザー定義,場所,*,*,*,*,*,*
清水町,-1,-1,1,名詞,ユーザー定義,場所,*,*,*,*,*,*
清水町,-1,-1,1,名詞,ユーザー定義,場所,*,*,*,*,*,*
清水町,-1,-1,1,名詞,ユーザー定義,場所,*,*,*,*,*,*
きよみ立体橋東,-1,-1,1,名詞,ユーザー定義,場所,*,*,*,*,*,*
しののめ町,-1,-1,1,名詞,ユーザー定義,場所,*,*,*,*,*,*
アクシオン福岡前,-1,-1,1,名詞,ユーザー定義,場所,*,*,*,*,*,*
アサヒビール前,-1,-1,1,名詞,ユーザー定義,場所,*,*,*,*,*,*
キャナルイーストビル前,-1,-1,1,名詞,ユーザー定義,場所,*,*,*,*,*,*
キャナルシティ博多前,-1,-1,1,名詞,ユーザー定義,場所,*,*,*,*,*,*
キャナルシティ博多前,-1,-1,1,名詞,ユーザー定義,場所,*,*,*,*,*,*
パナソニック前,-1,-1,1,名詞,ユーザー定義,場所,*,*,*,*,*,*
マリンメッセ前,-1,-1,1,名詞,ユーザー定義,場所,*,*,*,*,*,*
上半道橋,-1,-1,1,名詞,ユーザー定義,場所,*,*,*,*,*,*
上月隈,-1,-1,1,名詞,ユーザー定義,場所,*,*,*,*,*,*
上牟田,-1,-1,1,名詞,ユーザー定義,場所,*,*,*,*,*,*
上臼井,-1,-1,1,名詞,ユーザー定義,場所,*,*,*,*,*,*
下の山,-1,-1,1,名詞,ユーザー定義,場所,*,*,*,*,*,*
下月隈,-1,-1,1,名詞,ユーザー定義,場所,*,*,*,*,*,*
中央ふ頭クルーズセンター,-1,-1,1,名詞,ユーザー定義,場所,*,*,*,*,*,*
中洲,-1,-1,1,名詞,ユーザー定義,場所,*,*,*,*,*,*
九大病院・県庁前,-1,-1,1,名詞,ユーザー定義,場所,*,*,*,*,*,*
二又瀬,-1,-1,1,名詞,ユーザー定義,場所,*,*,*,*,*,*
二又瀬,-1,-1,1,名詞,ユーザー定義,場所,*,*,*,*,*,*
今里,-1,-1,1,名詞,ユーザー定義,場所,*,*,*,*,*,*
住吉,-1,-1,1,名詞,ユーザー定義,場所,*,*,*,*,*,*
住吉四丁目,-1,-1,1,名詞,ユーザー定義,場所,*,*,*,*,*,*
八郎町,-1,-1,1,名詞,ユーザー定義,場所,*,*,*,*,*,*
千代一丁目,-1,-1,1,名詞,ユーザー定義,場所,*,*,*,*,*,*
千代五丁目,-1,-1,1,名詞,ユーザー定義,場所,*,*,*,*,*,*
千代町,-1,-1,1,名詞,ユーザー定義,場所,*,*,*,*,*,*
千代町,-1,-1,1,名詞,ユーザー定義,場所,*,*,*,*,*,*
千代町,-1,-1,1,名詞,ユーザー定義,場所,*,*,*,*,*,*
千代町,-1,-1,1,名詞,ユーザー定義,場所,*,*,*,*,*,*
千鳥橋,-1,-1,1,名詞,ユーザー定義,場所,*,*,*,*,*,*
千鳥橋,-1,-1,1,名詞,ユーザー定義,場所,*,*,*,*,*,*
半道橋,-1,-1,1,名詞,ユーザー定義,場所,*,*,*,*,*,*
半道橋二丁目,-1,-1,1,名詞,ユーザー定義,場所,*,*,*,*,*,*
南新地,-1,-1,1,名詞,ユーザー定義,場所,*,*,*,*,*,*
南本町,-1,-1,1,名詞,ユーザー定義,場所,*,*,*,*,*,*
博多の森テニスコート前,-1,-1,1,名詞,ユーザー定義,場所,*,*,*,*,*,*
博多の森競技場前,-1,-1,1,名詞,ユーザー定義,場所,*,*,*,*,*,*
博多ふ頭,-1,-1,1,名詞,ユーザー定義,場所,*,*,*,*,*,*
博多バスターミナル１Ｆ,-1,-1,1,名詞,ユーザー定義,場所,*,*,*,*,*,*
博多バスターミナル２Ｆ,-1,-1,1,名詞,ユーザー定義,場所,*,*,*,*,*,*
博多バスターミナル３Ｆ,-1,-1,1,名詞,ユーザー定義,場所,*,*,*,*,*,*
博多五町,-1,-1,1,名詞,ユーザー定義,場所,*,*,*,*,*,*
博多港国際ターミナル中央ふ頭,-1,-1,1,名詞,ユーザー定義,場所,*,*,*,*,*,*
博多臨港警察署北口,-1,-1,1,名詞,ユーザー定義,場所,*,*,*,*,*,*
博多駅シティ銀行前Ｆ,-1,-1,1,名詞,ユーザー定義,場所,*,*,*,*,*,*
博多駅センタービル前Ｅ,-1,-1,1,名詞,ユーザー定義,場所,*,*,*,*,*,*
博多駅三井ビル前,-1,-1,1,名詞,ユーザー定義,場所,*,*,*,*,*,*
博多駅前Ａ,-1,-1,1,名詞,ユーザー定義,場所,*,*,*,*,*,*
博多駅前Ｂ，C，D,-1,-1,1,名詞,ユーザー定義,場所,*,*,*,*,*,*
博多駅筑紫口,-1,-1,1,名詞,ユーザー定義,場所,*,*,*,*,*,*
合同庁舎,-1,-1,1,名詞,ユーザー定義,場所,*,*,*,*,*,*
吉塚二丁目,-1,-1,1,名詞,ユーザー定義,場所,*,*,*,*,*,*
吉塚駅前,-1,-1,1,名詞,ユーザー定義,場所,*,*,*,*,*,*
吉塚駅東口,-1,-1,1,名詞,ユーザー定義,場所,*,*,*,*,*,*
吉塚駅,-1,-1,1,名詞,ユーザー定義,場所,*,*,*,*,*,*
呉服町,-1,-1,1,名詞,ユーザー定義,場所,*,*,*,*,*,*
呉服町大島眼科,-1,-1,1,名詞,ユーザー定義,場所,*,*,*,*,*,*
呉服町,-1,-1,1,名詞,ユーザー定義,場所,*,*,*,*,*,*
呉服町,-1,-1,1,名詞,ユーザー定義,場所,*,*,*,*,*,*
呉服町,-1,-1,1,名詞,ユーザー定義,場所,*,*,*,*,*,*
国際センターサンパレス前,-1,-1,1,名詞,ユーザー定義,場所,*,*,*,*,*,*
国際会議場サンパレス前,-1,-1,1,名詞,ユーザー定義,場所,*,*,*,*,*,*
土居町,-1,-1,1,名詞,ユーザー定義,場所,*,*,*,*,*,*
坂瀬池,-1,-1,1,名詞,ユーザー定義,場所,*,*,*,*,*,*
堅田橋,-1,-1,1,名詞,ユーザー定義,場所,*,*,*,*,*,*
堅粕一丁目,-1,-1,1,名詞,ユーザー定義,場所,*,*,*,*,*,*
堤ケ浦,-1,-1,1,名詞,ユーザー定義,場所,*,*,*,*,*,*
塩原橋,-1,-1,1,名詞,ユーザー定義,場所,*,*,*,*,*,*
大井町,-1,-1,1,名詞,ユーザー定義,場所,*,*,*,*,*,*
奥の堂,-1,-1,1,名詞,ユーザー定義,場所,*,*,*,*,*,*
妙見,-1,-1,1,名詞,ユーザー定義,場所,*,*,*,*,*,*
宝満尾,-1,-1,1,名詞,ユーザー定義,場所,*,*,*,*,*,*
宮園,-1,-1,1,名詞,ユーザー定義,場所,*,*,*,*,*,*
対馬小路,-1,-1,1,名詞,ユーザー定義,場所,*,*,*,*,*,*
寿町二丁目,-1,-1,1,名詞,ユーザー定義,場所,*,*,*,*,*,*
山王一丁目,-1,-1,1,名詞,ユーザー定義,場所,*,*,*,*,*,*
山王一丁目,-1,-1,1,名詞,ユーザー定義,場所,*,*,*,*,*,*
山王公園前,-1,-1,1,名詞,ユーザー定義,場所,*,*,*,*,*,*
山田,-1,-1,1,名詞,ユーザー定義,場所,*,*,*,*,*,*
川端町・博多座前,-1,-1,1,名詞,ユーザー定義,場所,*,*,*,*,*,*
席田中学校前,-1,-1,1,名詞,ユーザー定義,場所,*,*,*,*,*,*
席田会館,-1,-1,1,名詞,ユーザー定義,場所,*,*,*,*,*,*
席田小学校前,-1,-1,1,名詞,ユーザー定義,場所,*,*,*,*,*,*
弓田町・博多ミスト前,-1,-1,1,名詞,ユーザー定義,場所,*,*,*,*,*,*
弥生小学校前,-1,-1,1,名詞,ユーザー定義,場所,*,*,*,*,*,*
扇町,-1,-1,1,名詞,ユーザー定義,場所,*,*,*,*,*,*
新屋,-1,-1,1,名詞,ユーザー定義,場所,*,*,*,*,*,*
春住町,-1,-1,1,名詞,ユーザー定義,場所,*,*,*,*,*,*
月隈,-1,-1,1,名詞,ユーザー定義,場所,*,*,*,*,*,*
月隈団地,-1,-1,1,名詞,ユーザー定義,場所,*,*,*,*,*,*
東中洲,-1,-1,1,名詞,ユーザー定義,場所,*,*,*,*,*,*
東光二丁目,-1,-1,1,名詞,ユーザー定義,場所,*,*,*,*,*,*
東光寺北口,-1,-1,1,名詞,ユーザー定義,場所,*,*,*,*,*,*
東光寺本町,-1,-1,1,名詞,ユーザー定義,場所,*,*,*,*,*,*
さくら病院前,-1,-1,1,名詞,ユーザー定義,場所,*,*,*,*,*,*
七隈七丁目,-1,-1,1,名詞,ユーザー定義,場所,*,*,*,*,*,*
七隈四角,-1,-1,1,名詞,ユーザー定義,場所,*,*,*,*,*,*
七隈本町,-1,-1,1,名詞,ユーザー定義,場所,*,*,*,*,*,*
上長尾,-1,-1,1,名詞,ユーザー定義,場所,*,*,*,*,*,*
下堤,-1,-1,1,名詞,ユーザー定義,場所,*,*,*,*,*,*
下長尾,-1,-1,1,名詞,ユーザー定義,場所,*,*,*,*,*,*
中村大学前,-1,-1,1,名詞,ユーザー定義,場所,*,*,*,*,*,*
中村大学前,-1,-1,1,名詞,ユーザー定義,場所,*,*,*,*,*,*
中村高校前,-1,-1,1,名詞,ユーザー定義,場所,*,*,*,*,*,*
別府六丁目,-1,-1,1,名詞,ユーザー定義,場所,*,*,*,*,*,*
別府四丁目,-1,-1,1,名詞,ユーザー定義,場所,*,*,*,*,*,*
別府小学校前,-1,-1,1,名詞,ユーザー定義,場所,*,*,*,*,*,*
別府駅前,-1,-1,1,名詞,ユーザー定義,場所,*,*,*,*,*,*
北片江,-1,-1,1,名詞,ユーザー定義,場所,*,*,*,*,*,*
南片江,-1,-1,1,名詞,ユーザー定義,場所,*,*,*,*,*,*
南片江六丁目,-1,-1,1,名詞,ユーザー定義,場所,*,*,*,*,*,*
南片江小学校前,-1,-1,1,名詞,ユーザー定義,場所,*,*,*,*,*,*
南町,-1,-1,1,名詞,ユーザー定義,場所,*,*,*,*,*,*
博多工業高校,-1,-1,1,名詞,ユーザー定義,場所,*,*,*,*,*,*
友丘,-1,-1,1,名詞,ユーザー定義,場所,*,*,*,*,*,*
友丘三丁目,-1,-1,1,名詞,ユーザー定義,場所,*,*,*,*,*,*
友泉亭,-1,-1,1,名詞,ユーザー定義,場所,*,*,*,*,*,*
城南体育館入口,-1,-1,1,名詞,ユーザー定義,場所,*,*,*,*,*,*
城南区役所前,-1,-1,1,名詞,ユーザー定義,場所,*,*,*,*,*,*
城南区役所北口,-1,-1,1,名詞,ユーザー定義,場所,*,*,*,*,*,*
城南市民プール前,-1,-1,1,名詞,ユーザー定義,場所,*,*,*,*,*,*
堤二丁目,-1,-1,1,名詞,ユーザー定義,場所,*,*,*,*,*,*
堤,-1,-1,1,名詞,ユーザー定義,場所,*,*,*,*,*,*
堤,-1,-1,1,名詞,ユーザー定義,場所,*,*,*,*,*,*
小松ケ丘,-1,-1,1,名詞,ユーザー定義,場所,*,*,*,*,*,*
島廻橋,-1,-1,1,名詞,ユーザー定義,場所,*,*,*,*,*,*
島廻橋,-1,-1,1,名詞,ユーザー定義,場所,*,*,*,*,*,*
干隈,-1,-1,1,名詞,ユーザー定義,場所,*,*,*,*,*,*
干隈一丁目,-1,-1,1,名詞,ユーザー定義,場所,*,*,*,*,*,*
東七隈,-1,-1,1,名詞,ユーザー定義,場所,*,*,*,*,*,*
東梅林,-1,-1,1,名詞,ユーザー定義,場所,*,*,*,*,*,*
東油山,-1,-1,1,名詞,ユーザー定義,場所,*,*,*,*,*,*
横内,-1,-1,1,名詞,ユーザー定義,場所,*,*,*,*,*,*
油山,-1,-1,1,名詞,ユーザー定義,場所,*,*,*,*,*,*
油山団地前,-1,-1,1,名詞,ユーザー定義,場所,*,*,*,*,*,*
油山団地口,-1,-1,1,名詞,ユーザー定義,場所,*,*,*,*,*,*
片江三丁目,-1,-1,1,名詞,ユーザー定義,場所,*,*,*,*,*,*
片江営業所,-1,-1,1,名詞,ユーザー定義,場所,*,*,*,*,*,*
片江小学校前,-1,-1,1,名詞,ユーザー定義,場所,*,*,*,*,*,*
神学校前,-1,-1,1,名詞,ユーザー定義,場所,*,*,*,*,*,*
神松寺一丁目,-1,-1,1,名詞,ユーザー定義,場所,*,*,*,*,*,*
神松寺二丁目,-1,-1,1,名詞,ユーザー定義,場所,*,*,*,*,*,*
神松寺橋,-1,-1,1,名詞,ユーザー定義,場所,*,*,*,*,*,*
福大前,-1,-1,1,名詞,ユーザー定義,場所,*,*,*,*,*,*
福大正門前,-1,-1,1,名詞,ユーザー定義,場所,*,*,*,*,*,*
福大病院,-1,-1,1,名詞,ユーザー定義,場所,*,*,*,*,*,*
福大第二記念会堂前,-1,-1,1,名詞,ユーザー定義,場所,*,*,*,*,*,*
福大薬学部前,-1,-1,1,名詞,ユーザー定義,場所,*,*,*,*,*,*
茶山,-1,-1,1,名詞,ユーザー定義,場所,*,*,*,*,*,*
茶山団地前,-1,-1,1,名詞,ユーザー定義,場所,*,*,*,*,*,*
荒江,-1,-1,1,名詞,ユーザー定義,場所,*,*,*,*,*,*
荒江四角,-1,-1,1,名詞,ユーザー定義,場所,*,*,*,*,*,*
荒江団地前,-1,-1,1,名詞,ユーザー定義,場所,*,*,*,*,*,*
菊池ケ丘,-1,-1,1,名詞,ユーザー定義,場所,*,*,*,*,*,*
西南杜の湖畔公園西,-1,-1,1,名詞,ユーザー定義,場所,*,*,*,*,*,*
西梅林,-1,-1,1,名詞,ユーザー定義,場所,*,*,*,*,*,*
西片江一丁目,-1,-1,1,名詞,ユーザー定義,場所,*,*,*,*,*,*
西片江一丁目,-1,-1,1,名詞,ユーザー定義,場所,*,*,*,*,*,*
西片江二丁目,-1,-1,1,名詞,ユーザー定義,場所,*,*,*,*,*,*
金山団地,-1,-1,1,名詞,ユーザー定義,場所,*,*,*,*,*,*
金山団地口,-1,-1,1,名詞,ユーザー定義,場所,*,*,*,*,*,*
長尾一丁目,-1,-1,1,名詞,ユーザー定義,場所,*,*,*,*,*,*
長尾五丁目,-1,-1,1,名詞,ユーザー定義,場所,*,*,*,*,*,*
長尾公園,-1,-1,1,名詞,ユーザー定義,場所,*,*,*,*,*,*
長尾変電所,-1,-1,1,名詞,ユーザー定義,場所,*,*,*,*,*,*
長尾病院前,-1,-1,1,名詞,ユーザー定義,場所,*,*,*,*,*,*
駄ケ原,-1,-1,1,名詞,ユーザー定義,場所,*,*,*,*,*,*
鳥飼五丁目,-1,-1,1,名詞,ユーザー定義,場所,*,*,*,*,*,*
さわら台団地,-1,-1,1,名詞,ユーザー定義,場所,*,*,*,*,*,*
さわら台団地南口,-1,-1,1,名詞,ユーザー定義,場所,*,*,*,*,*,*
さわら台団地西口,-1,-1,1,名詞,ユーザー定義,場所,*,*,*,*,*,*
ももち浜クリニックゾーン前,-1,-1,1,名詞,ユーザー定義,場所,*,*,*,*,*,*
一ツ家,-1,-1,1,名詞,ユーザー定義,場所,*,*,*,*,*,*
一ツ田,-1,-1,1,名詞,ユーザー定義,場所,*,*,*,*,*,*
三十田橋,-1,-1,1,名詞,ユーザー定義,場所,*,*,*,*,*,*
三軒屋,-1,-1,1,名詞,ユーザー定義,場所,*,*,*,*,*,*
三郎丸,-1,-1,1,名詞,ユーザー定義,場所,*,*,*,*,*,*
上石釜,-1,-1,1,名詞,ユーザー定義,場所,*,*,*,*,*,*
下の畑,-1,-1,1,名詞,ユーザー定義,場所,*,*,*,*,*,*
中石釜,-1,-1,1,名詞,ユーザー定義,場所,*,*,*,*,*,*
井開,-1,-1,1,名詞,ユーザー定義,場所,*,*,*,*,*,*
仙道,-1,-1,1,名詞,ユーザー定義,場所,*,*,*,*,*,*
修猷館前,-1,-1,1,名詞,ユーザー定義,場所,*,*,*,*,*,*
入部幼稚園前,-1,-1,1,名詞,ユーザー定義,場所,*,*,*,*,*,*
内野,-1,-1,1,名詞,ユーザー定義,場所,*,*,*,*,*,*
医師会館・ソフトリサーチパーク前,-1,-1,1,名詞,ユーザー定義,場所,*,*,*,*,*,*
南庄,-1,-1,1,名詞,ユーザー定義,場所,*,*,*,*,*,*
南庄三丁目,-1,-1,1,名詞,ユーザー定義,場所,*,*,*,*,*,*
南庄二丁目,-1,-1,1,名詞,ユーザー定義,場所,*,*,*,*,*,*
博物館北口,-1,-1,1,名詞,ユーザー定義,場所,*,*,*,*,*,*
博物館南口,-1,-1,1,名詞,ユーザー定義,場所,*,*,*,*,*,*
原一丁目,-1,-1,1,名詞,ユーザー定義,場所,*,*,*,*,*,*
原二丁目,-1,-1,1,名詞,ユーザー定義,場所,*,*,*,*,*,*
原八丁目,-1,-1,1,名詞,ユーザー定義,場所,*,*,*,*,*,*
原北中学校前,-1,-1,1,名詞,ユーザー定義,場所,*,*,*,*,*,*
原四丁目,-1,-1,1,名詞,ユーザー定義,場所,*,*,*,*,*,*
原団地,-1,-1,1,名詞,ユーザー定義,場所,*,*,*,*,*,*
原往還,-1,-1,1,名詞,ユーザー定義,場所,*,*,*,*,*,*
原農協前,-1,-1,1,名詞,ユーザー定義,場所,*,*,*,*,*,*
原,-1,-1,1,名詞,ユーザー定義,場所,*,*,*,*,*,*
原,-1,-1,1,名詞,ユーザー定義,場所,*,*,*,*,*,*
古賀,-1,-1,1,名詞,ユーザー定義,場所,*,*,*,*,*,*
唐木,-1,-1,1,名詞,ユーザー定義,場所,*,*,*,*,*,*
四箇,-1,-1,1,名詞,ユーザー定義,場所,*,*,*,*,*,*
四箇田公民館前,-1,-1,1,名詞,ユーザー定義,場所,*,*,*,*,*,*
四箇田団地,-1,-1,1,名詞,ユーザー定義,場所,*,*,*,*,*,*
四箇田団地入口,-1,-1,1,名詞,ユーザー定義,場所,*,*,*,*,*,*
四箇田団地北口,-1,-1,1,名詞,ユーザー定義,場所,*,*,*,*,*,*
四箇田団地西口,-1,-1,1,名詞,ユーザー定義,場所,*,*,*,*,*,*
城の原,-1,-1,1,名詞,ユーザー定義,場所,*,*,*,*,*,*
城南郵便局前,-1,-1,1,名詞,ユーザー定義,場所,*,*,*,*,*,*
城西一丁目,-1,-1,1,名詞,ユーザー定義,場所,*,*,*,*,*,*
城西三丁目,-1,-1,1,名詞,ユーザー定義,場所,*,*,*,*,*,*
城西橋,-1,-1,1,名詞,ユーザー定義,場所,*,*,*,*,*,*
外環室見橋,-1,-1,1,名詞,ユーザー定義,場所,*,*,*,*,*,*
多々良瀬,-1,-1,1,名詞,ユーザー定義,場所,*,*,*,*,*,*
大坪,-1,-1,1,名詞,ユーザー定義,場所,*,*,*,*,*,*
大谷口,-1,-1,1,名詞,ユーザー定義,場所,*,*,*,*,*,*
室住団地,-1,-1,1,名詞,ユーザー定義,場所,*,*,*,*,*,*
室見一丁目,-1,-1,1,名詞,ユーザー定義,場所,*,*,*,*,*,*
室見三丁目,-1,-1,1,名詞,ユーザー定義,場所,*,*,*,*,*,*
室見五丁目,-1,-1,1,名詞,ユーザー定義,場所,*,*,*,*,*,*
室見四丁目,-1,-1,1,名詞,ユーザー定義,場所,*,*,*,*,*,*
室見団地,-1,-1,1,名詞,ユーザー定義,場所,*,*,*,*,*,*
室見団地西口,-1,-1,1,名詞,ユーザー定義,場所,*,*,*,*,*,*
室見駅,-1,-1,1,名詞,ユーザー定義,場所,*,*,*,*,*,*
宮前,-1,-1,1,名詞,ユーザー定義,場所,*,*,*,*,*,*
富士ケ丘,-1,-1,1,名詞,ユーザー定義,場所,*,*,*,*,*,*
小田部一丁目,-1,-1,1,名詞,ユーザー定義,場所,*,*,*,*,*,*
小田部二丁目,-1,-1,1,名詞,ユーザー定義,場所,*,*,*,*,*,*
小田部五丁目,-1,-1,1,名詞,ユーザー定義,場所,*,*,*,*,*,*
小田部四丁目,-1,-1,1,名詞,ユーザー定義,場所,*,*,*,*,*,*
平尾新町,-1,-1,1,名詞,ユーザー定義,場所,*,*,*,*,*,*
平田,-1,-1,1,名詞,ユーザー定義,場所,*,*,*,*,*,*
建石,-1,-1,1,名詞,ユーザー定義,場所,*,*,*,*,*,*
弥生一丁目,-1,-1,1,名詞,ユーザー定義,場所,*,*,*,*,*,*
弥生二丁目,-1,-1,1,名詞,ユーザー定義,場所,*,*,*,*,*,*
早寿園前,-1,-1,1,名詞,ユーザー定義,場所,*,*,*,*,*,*
早良体育館前,-1,-1,1,名詞,ユーザー定義,場所,*,*,*,*,*,*
早良公民館前,-1,-1,1,名詞,ユーザー定義,場所,*,*,*,*,*,*
早良口,-1,-1,1,名詞,ユーザー定義,場所,*,*,*,*,*,*
早良口,-1,-1,1,名詞,ユーザー定義,場所,*,*,*,*,*,*
早良営業所,-1,-1,1,名詞,ユーザー定義,場所,*,*,*,*,*,*
早良営業所前,-1,-1,1,名詞,ユーザー定義,場所,*,*,*,*,*,*
早良妙見東口,-1,-1,1,名詞,ユーザー定義,場所,*,*,*,*,*,*
早良妙見西口,-1,-1,1,名詞,ユーザー定義,場所,*,*,*,*,*,*
早良平尾,-1,-1,1,名詞,ユーザー定義,場所,*,*,*,*,*,*
早良高校,-1,-1,1,名詞,ユーザー定義,場所,*,*,*,*,*,*
早良高校前,-1,-1,1,名詞,ユーザー定義,場所,*,*,*,*,*,*
星の原団地,-1,-1,1,名詞,ユーザー定義,場所,*,*,*,*,*,*
昭代一丁目,-1,-1,1,名詞,ユーザー定義,場所,*,*,*,*,*,*
昭代三丁目,-1,-1,1,名詞,ユーザー定義,場所,*,*,*,*,*,*
昭代二丁目,-1,-1,1,名詞,ユーザー定義,場所,*,*,*,*,*,*
昭和新町,-1,-1,1,名詞,ユーザー定義,場所,*,*,*,*,*,*
曙二丁目,-1,-1,1,名詞,ユーザー定義,場所,*,*,*,*,*,*
曲渕,-1,-1,1,名詞,ユーザー定義,場所,*,*,*,*,*,*
有住小学校前,-1,-1,1,名詞,ユーザー定義,場所,*,*,*,*,*,*
有田,-1,-1,1,名詞,ユーザー定義,場所,*,*,*,*,*,*
有田一丁目,-1,-1,1,名詞,ユーザー定義,場所,*,*,*,*,*,*
東入部,-1,-1,1,名詞,ユーザー定義,場所,*,*,*,*,*,*
板屋,-1,-1,1,名詞,ユーザー定義,場所,*,*,*,*,*,*
栗尾,-1,-1,1,名詞,ユーザー定義,場所,*,*,*,*,*,*
椎原,-1,-1,1,名詞,ユーザー定義,場所,*,*,*,*,*,*
次郎丸,-1,-1,1,名詞,ユーザー定義,場所,*,*,*,*,*,*
次郎丸中学校前,-1,-1,1,名詞,ユーザー定義,場所,*,*,*,*,*,*
次郎丸団地,-1,-1,1,名詞,ユーザー定義,場所,*,*,*,*,*,*
こども病院,-1,-1,1,名詞,ユーザー定義,場所,*,*,*,*,*,*
ふ頭一丁目,-1,-1,1,名詞,ユーザー定義,場所,*,*,*,*,*,*
ふ頭中央,-1,-1,1,名詞,ユーザー定義,場所,*,*,*,*,*,*
ふ頭五丁目,-1,-1,1,名詞,ユーザー定義,場所,*,*,*,*,*,*
ふ頭四丁目第一,-1,-1,1,名詞,ユーザー定義,場所,*,*,*,*,*,*
ふ頭四丁目第三,-1,-1,1,名詞,ユーザー定義,場所,*,*,*,*,*,*
ふ頭四丁目第二,-1,-1,1,名詞,ユーザー定義,場所,*,*,*,*,*,*
ふ頭西,-1,-1,1,名詞,ユーザー定義,場所,*,*,*,*,*,*
みどりが丘一丁目,-1,-1,1,名詞,ユーザー定義,場所,*,*,*,*,*,*
みどりが丘三丁目,-1,-1,1,名詞,ユーザー定義,場所,*,*,*,*,*,*
みどりが丘中央公園前,-1,-1,1,名詞,ユーザー定義,場所,*,*,*,*,*,*
みどりが丘団地,-1,-1,1,名詞,ユーザー定義,場所,*,*,*,*,*,*
みどりが丘団地入口,-1,-1,1,名詞,ユーザー定義,場所,*,*,*,*,*,*
みなと公園前,-1,-1,1,名詞,ユーザー定義,場所,*,*,*,*,*,*
ゆめタウン博多,-1,-1,1,名詞,ユーザー定義,場所,*,*,*,*,*,*
アイランドシティ中央公園前,-1,-1,1,名詞,ユーザー定義,場所,*,*,*,*,*,*
アイランドシティ照葉,-1,-1,1,名詞,ユーザー定義,場所,*,*,*,*,*,*
オロシアムＦＵＫＵＯＫＡ,-1,-1,1,名詞,ユーザー定義,場所,*,*,*,*,*,*
オークタウン入口,-1,-1,1,名詞,ユーザー定義,場所,*,*,*,*,*,*
カモ池前,-1,-1,1,名詞,ユーザー定義,場所,*,*,*,*,*,*
グリーンタウン入口,-1,-1,1,名詞,ユーザー定義,場所,*,*,*,*,*,*
ゴルフ場入口,-1,-1,1,名詞,ユーザー定義,場所,*,*,*,*,*,*
ベジフルスタジアム前,-1,-1,1,名詞,ユーザー定義,場所,*,*,*,*,*,*
マリンワールド海の中道,-1,-1,1,名詞,ユーザー定義,場所,*,*,*,*,*,*
リサイクルプラザ前,-1,-1,1,名詞,ユーザー定義,場所,*,*,*,*,*,*
三苫口,-1,-1,1,名詞,ユーザー定義,場所,*,*,*,*,*,*
上和白,-1,-1,1,名詞,ユーザー定義,場所,*,*,*,*,*,*
上和白郵便局前,-1,-1,1,名詞,ユーザー定義,場所,*,*,*,*,*,*
下原,-1,-1,1,名詞,ユーザー定義,場所,*,*,*,*,*,*
不動ケ浦,-1,-1,1,名詞,ユーザー定義,場所,*,*,*,*,*,*
久保,-1,-1,1,名詞,ユーザー定義,場所,*,*,*,*,*,*
九大前,-1,-1,1,名詞,ユーザー定義,場所,*,*,*,*,*,*
九大北門,-1,-1,1,名詞,ユーザー定義,場所,*,*,*,*,*,*
九大病院,-1,-1,1,名詞,ユーザー定義,場所,*,*,*,*,*,*
九州産業大学前,-1,-1,1,名詞,ユーザー定義,場所,*,*,*,*,*,*
九州産業大学南口,-1,-1,1,名詞,ユーザー定義,場所,*,*,*,*,*,*
九州高校前,-1,-1,1,名詞,ユーザー定義,場所,*,*,*,*,*,*
二又瀬公園前,-1,-1,1,名詞,ユーザー定義,場所,*,*,*,*,*,*
二又瀬,-1,-1,1,名詞,ユーザー定義,場所,*,*,*,*,*,*
休暇村志賀島,-1,-1,1,名詞,ユーザー定義,場所,*,*,*,*,*,*
光葉台前,-1,-1,1,名詞,ユーザー定義,場所,*,*,*,*,*,*
八尻,-1,-1,1,名詞,ユーザー定義,場所,*,*,*,*,*,*
八田,-1,-1,1,名詞,ユーザー定義,場所,*,*,*,*,*,*
八田団地,-1,-1,1,名詞,ユーザー定義,場所,*,*,*,*,*,*
八田小学校前,-1,-1,1,名詞,ユーザー定義,場所,*,*,*,*,*,*
八田踏切,-1,-1,1,名詞,ユーザー定義,場所,*,*,*,*,*,*
八田踏切,-1,-1,1,名詞,ユーザー定義,場所,*,*,*,*,*,*
八田遊園地,-1,-1,1,名詞,ユーザー定義,場所,*,*,*,*,*,*
勅使道,-1,-1,1,名詞,ユーザー定義,場所,*,*,*,*,*,*
勝馬,-1,-1,1,名詞,ユーザー定義,場所,*,*,*,*,*,*
勝馬口,-1,-1,1,名詞,ユーザー定義,場所,*,*,*,*,*,*
千早,-1,-1,1,名詞,ユーザー定義,場所,*,*,*,*,*,*
千早公園前,-1,-1,1,名詞,ユーザー定義,場所,*,*,*,*,*,*
千早四丁目,-1,-1,1,名詞,ユーザー定義,場所,*,*,*,*,*,*
千早駅,-1,-1,1,名詞,ユーザー定義,場所,*,*,*,*,*,*
原土井病院,-1,-1,1,名詞,ユーザー定義,場所,*,*,*,*,*,*
原田,-1,-1,1,名詞,ユーザー定義,場所,*,*,*,*,*,*
原田一丁目,-1,-1,1,名詞,ユーザー定義,場所,*,*,*,*,*,*
原田東町,-1,-1,1,名詞,ユーザー定義,場所,*,*,*,*,*,*
吉塚営業所,-1,-1,1,名詞,ユーザー定義,場所,*,*,*,*,*,*
名子,-1,-1,1,名詞,ユーザー定義,場所,*,*,*,*,*,*
名子道,-1,-1,1,名詞,ユーザー定義,場所,*,*,*,*,*,*
名島,-1,-1,1,名詞,ユーザー定義,場所,*,*,*,*,*,*
名島運動公園前,-1,-1,1,名詞,ユーザー定義,場所,*,*,*,*,*,*
名香野,-1,-1,1,名詞,ユーザー定義,場所,*,*,*,*,*,*
和白,-1,-1,1,名詞,ユーザー定義,場所,*,*,*,*,*,*
和白丘,-1,-1,1,名詞,ユーザー定義,場所,*,*,*,*,*,*
和白丘中学校入口,-1,-1,1,名詞,ユーザー定義,場所,*,*,*,*,*,*
和白中入口,-1,-1,1,名詞,ユーザー定義,場所,*,*,*,*,*,*
和白五丁目,-1,-1,1,名詞,ユーザー定義,場所,*,*,*,*,*,*
唐の原,-1,-1,1,名詞,ユーザー定義,場所,*,*,*,*,*,*
団地入口,-1,-1,1,名詞,ユーザー定義,場所,*,*,*,*,*,*
土井営業所,-1,-1,1,名詞,ユーザー定義,場所,*,*,*,*,*,*
土井営業所,-1,-1,1,名詞,ユーザー定義,場所,*,*,*,*,*,*
土井四丁目,-1,-1,1,名詞,ユーザー定義,場所,*,*,*,*,*,*
土井団地,-1,-1,1,名詞,ユーザー定義,場所,*,*,*,*,*,*
土井団地入口,-1,-1,1,名詞,ユーザー定義,場所,*,*,*,*,*,*
坂本町,-1,-1,1,名詞,ユーザー定義,場所,*,*,*,*,*,*
城浜団地,-1,-1,1,名詞,ユーザー定義,場所,*,*,*,*,*,*
城浜団地口,-1,-1,1,名詞,ユーザー定義,場所,*,*,*,*,*,*
城香中学校前,-1,-1,1,名詞,ユーザー定義,場所,*,*,*,*,*,*
塩浜,-1,-1,1,名詞,ユーザー定義,場所,*,*,*,*,*,*
塩浜,-1,-1,1,名詞,ユーザー定義,場所,*,*,*,*,*,*
多々良,-1,-1,1,名詞,ユーザー定義,場所,*,*,*,*,*,*
多々良中央中学校前,-1,-1,1,名詞,ユーザー定義,場所,*,*,*,*,*,*
多々良中学校前,-1,-1,1,名詞,ユーザー定義,場所,*,*,*,*,*,*
多々良大橋,-1,-1,1,名詞,ユーザー定義,場所,*,*,*,*,*,*
多々良小学校,-1,-1,1,名詞,ユーザー定義,場所,*,*,*,*,*,*
多々良農協前,-1,-1,1,名詞,ユーザー定義,場所,*,*,*,*,*,*
多の津,-1,-1,1,名詞,ユーザー定義,場所,*,*,*,*,*,*
大名,-1,-1,1,名詞,ユーザー定義,場所,*,*,*,*,*,*
大和町,-1,-1,1,名詞,ユーザー定義,場所,*,*,*,*,*,*
大岳,-1,-1,1,名詞,ユーザー定義,場所,*,*,*,*,*,*
大岳松原,-1,-1,1,名詞,ユーザー定義,場所,*,*,*,*,*,*
大岳,-1,-1,1,名詞,ユーザー定義,場所,*,*,*,*,*,*
大神神社前,-1,-1,1,名詞,ユーザー定義,場所,*,*,*,*,*,*
大蔵,-1,-1,1,名詞,ユーザー定義,場所,*,*,*,*,*,*
奈多,-1,-1,1,名詞,ユーザー定義,場所,*,*,*,*,*,*
かなたけの里公園入口,-1,-1,1,名詞,ユーザー定義,場所,*,*,*,*,*,*
たろう保育園前,-1,-1,1,名詞,ユーザー定義,場所,*,*,*,*,*,*
つつじ丘団地,-1,-1,1,名詞,ユーザー定義,場所,*,*,*,*,*,*
ながらの団地入口,-1,-1,1,名詞,ユーザー定義,場所,*,*,*,*,*,*
アイランドパーク,-1,-1,1,名詞,ユーザー定義,場所,*,*,*,*,*,*
ウエストヒルズ北,-1,-1,1,名詞,ユーザー定義,場所,*,*,*,*,*,*
ウエストヒルズ南,-1,-1,1,名詞,ユーザー定義,場所,*,*,*,*,*,*
コーヒー園入口,-1,-1,1,名詞,ユーザー定義,場所,*,*,*,*,*,*
マリナタウン第一,-1,-1,1,名詞,ユーザー定義,場所,*,*,*,*,*,*
マリナタウン第二,-1,-1,1,名詞,ユーザー定義,場所,*,*,*,*,*,*
マリノアシティ福岡,-1,-1,1,名詞,ユーザー定義,場所,*,*,*,*,*,*
三菱電機前,-1,-1,1,名詞,ユーザー定義,場所,*,*,*,*,*,*
三陽高校前,-1,-1,1,名詞,ユーザー定義,場所,*,*,*,*,*,*
上山門二丁目,-1,-1,1,名詞,ユーザー定義,場所,*,*,*,*,*,*
上野方台団地,-1,-1,1,名詞,ユーザー定義,場所,*,*,*,*,*,*
上青木,-1,-1,1,名詞,ユーザー定義,場所,*,*,*,*,*,*
下山門,-1,-1,1,名詞,ユーザー定義,場所,*,*,*,*,*,*
下山門中学校,-1,-1,1,名詞,ユーザー定義,場所,*,*,*,*,*,*
下山門中学校東,-1,-1,1,名詞,ユーザー定義,場所,*,*,*,*,*,*
下山門団地,-1,-1,1,名詞,ユーザー定義,場所,*,*,*,*,*,*
下山門団地入口,-1,-1,1,名詞,ユーザー定義,場所,*,*,*,*,*,*
下山門小学校,-1,-1,1,名詞,ユーザー定義,場所,*,*,*,*,*,*
下山門駅入口,-1,-1,1,名詞,ユーザー定義,場所,*,*,*,*,*,*
下青木,-1,-1,1,名詞,ユーザー定義,場所,*,*,*,*,*,*
中村,-1,-1,1,名詞,ユーザー定義,場所,*,*,*,*,*,*
九大センターゾーン入口,-1,-1,1,名詞,ユーザー定義,場所,*,*,*,*,*,*
九大ビッグオレンジ前,-1,-1,1,名詞,ユーザー定義,場所,*,*,*,*,*,*
九大学研都市駅,-1,-1,1,名詞,ユーザー定義,場所,*,*,*,*,*,*
九大宿舎前,-1,-1,1,名詞,ユーザー定義,場所,*,*,*,*,*,*
九大工学部前,-1,-1,1,名詞,ユーザー定義,場所,*,*,*,*,*,*
九大理学部前,-1,-1,1,名詞,ユーザー定義,場所,*,*,*,*,*,*
九大総合グラウンド,-1,-1,1,名詞,ユーザー定義,場所,*,*,*,*,*,*
九大船舶・航空実験棟,-1,-1,1,名詞,ユーザー定義,場所,*,*,*,*,*,*
今出,-1,-1,1,名詞,ユーザー定義,場所,*,*,*,*,*,*
今宿市営住宅前,-1,-1,1,名詞,ユーザー定義,場所,*,*,*,*,*,*
今宿横町,-1,-1,1,名詞,ユーザー定義,場所,*,*,*,*,*,*
今宿野外活動センター,-1,-1,1,名詞,ユーザー定義,場所,*,*,*,*,*,*
今宿駅,-1,-1,1,名詞,ユーザー定義,場所,*,*,*,*,*,*
今宿駅前,-1,-1,1,名詞,ユーザー定義,場所,*,*,*,*,*,*
今山,-1,-1,1,名詞,ユーザー定義,場所,*,*,*,*,*,*
今津,-1,-1,1,名詞,ユーザー定義,場所,*,*,*,*,*,*
今津橋,-1,-1,1,名詞,ユーザー定義,場所,*,*,*,*,*,*
今津運動公園前,-1,-1,1,名詞,ユーザー定義,場所,*,*,*,*,*,*
元岡,-1,-1,1,名詞,ユーザー定義,場所,*,*,*,*,*,*
元岡口,-1,-1,1,名詞,ユーザー定義,場所,*,*,*,*,*,*
元岡小学校前,-1,-1,1,名詞,ユーザー定義,場所,*,*,*,*,*,*
元岡農協前,-1,-1,1,名詞,ユーザー定義,場所,*,*,*,*,*,*
元岡郵便局前,-1,-1,1,名詞,ユーザー定義,場所,*,*,*,*,*,*
内浜ウェストコート東,-1,-1,1,名詞,ユーザー定義,場所,*,*,*,*,*,*
内浜西区役所前,-1,-1,1,名詞,ユーザー定義,場所,*,*,*,*,*,*
北原,-1,-1,1,名詞,ユーザー定義,場所,*,*,*,*,*,*
北原東口,-1,-1,1,名詞,ユーザー定義,場所,*,*,*,*,*,*
千里,-1,-1,1,名詞,ユーザー定義,場所,*,*,*,*,*,*
南金武,-1,-1,1,名詞,ユーザー定義,場所,*,*,*,*,*,*
叶嶽宮前,-1,-1,1,名詞,ユーザー定義,場所,*,*,*,*,*,*
叶町,-1,-1,1,名詞,ユーザー定義,場所,*,*,*,*,*,*
吉武,-1,-1,1,名詞,ユーザー定義,場所,*,*,*,*,*,*
名柄団地,-1,-1,1,名詞,ユーザー定義,場所,*,*,*,*,*,*
周船寺,-1,-1,1,名詞,ユーザー定義,場所,*,*,*,*,*,*
周船寺小学校前,-1,-1,1,名詞,ユーザー定義,場所,*,*,*,*,*,*
周船寺東口,-1,-1,1,名詞,ユーザー定義,場所,*,*,*,*,*,*
周船寺駅,-1,-1,1,名詞,ユーザー定義,場所,*,*,*,*,*,*
城の原団地,-1,-1,1,名詞,ユーザー定義,場所,*,*,*,*,*,*
壱岐丘中学校,-1,-1,1,名詞,ユーザー定義,場所,*,*,*,*,*,*
壱岐中学校,-1,-1,1,名詞,ユーザー定義,場所,*,*,*,*,*,*
壱岐南小学校入口,-1,-1,1,名詞,ユーザー定義,場所,*,*,*,*,*,*
壱岐東小学校前,-1,-1,1,名詞,ユーザー定義,場所,*,*,*,*,*,*
壱岐農協前,-1,-1,1,名詞,ユーザー定義,場所,*,*,*,*,*,*
壱岐農協前,-1,-1,1,名詞,ユーザー定義,場所,*,*,*,*,*,*
大原,-1,-1,1,名詞,ユーザー定義,場所,*,*,*,*,*,*
大原橋,-1,-1,1,名詞,ユーザー定義,場所,*,*,*,*,*,*
大原海水浴場前,-1,-1,1,名詞,ユーザー定義,場所,*,*,*,*,*,*
大原西,-1,-1,1,名詞,ユーザー定義,場所,*,*,*,*,*,*
大河原,-1,-1,1,名詞,ユーザー定義,場所,*,*,*,*,*,*
大町団地口,-1,-1,1,名詞,ユーザー定義,場所,*,*,*,*,*,*
大谷,-1,-1,1,名詞,ユーザー定義,場所,*,*,*,*,*,*
姪浜,-1,-1,1,名詞,ユーザー定義,場所,*,*,*,*,*,*
姪浜三丁目,-1,-1,1,名詞,ユーザー定義,場所,*,*,*,*,*,*
姪浜二丁目,-1,-1,1,名詞,ユーザー定義,場所,*,*,*,*,*,*
姪浜五丁目,-1,-1,1,名詞,ユーザー定義,場所,*,*,*,*,*,*
姪浜小学校前,-1,-1,1,名詞,ユーザー定義,場所,*,*,*,*,*,*
姪浜駅北口,-1,-1,1,名詞,ユーザー定義,場所,*,*,*,*,*,*
姪浜駅南口,-1,-1,1,名詞,ユーザー定義,場所,*,*,*,*,*,*
姪浜駅東,-1,-1,1,名詞,ユーザー定義,場所,*,*,*,*,*,*
姪浜,-1,-1,1,名詞,ユーザー定義,場所,*,*,*,*,*,*
姪浜,-1,-1,1,名詞,ユーザー定義,場所,*,*,*,*,*,*
宇田川原,-1,-1,1,名詞,ユーザー定義,場所,*,*,*,*,*,*
室見が丘三丁目,-1,-1,1,名詞,ユーザー定義,場所,*,*,*,*,*,*
室見が丘中央,-1,-1,1,名詞,ユーザー定義,場所,*,*,*,*,*,*
室見が丘入口,-1,-1,1,名詞,ユーザー定義,場所,*,*,*,*,*,*
室見が丘西,-1,-1,1,名詞,ユーザー定義,場所,*,*,*,*,*,*
皿山一丁目,-1,-1,1,名詞,ユーザー定義,場所,*,*,*,*,*,*
皿山三丁目,-1,-1,1,名詞,ユーザー定義,場所,*,*,*,*,*,*
皿山四丁目,-1,-1,1,名詞,ユーザー定義,場所,*,*,*,*,*,*
柳河内,-1,-1,1,名詞,ユーザー定義,場所,*,*,*,*,*,*
