ファイル,-1,-1,1,名詞,ユーザー辞書,*,*,*,*,ファイル,*,*
手順書,-1,-1,1,名詞,ユーザー辞書,*,*,*,*,手順書,*,*
宇佐波,1290,1290,4000,名詞,ユーザー定義,人名,姓,*,*,宇佐波,ウサナミ,ウサナミ
A室,1285,1285,5622,名詞,ユーザー定義,場所,*,*,*,A室,エーシツ,エーシツ
B室,1285,1285,5622,名詞,ユーザー定義,場所,*,*,*,B室,ビーシツ,ビーシツ
C室,1285,1285,5622,名詞,ユーザー定義,場所,*,*,*,C室,シーシツ,シーシツ
C室,1285,1285,5622,名詞,ユーザー定義,場所,*,*,*,C室,シーシツ,シーシツ
～,147,147,4159,助詞,ユーザー定義,時間,*,*,*,から,カラ,カラ
~,147,147,4159,助詞,ユーザー定義,時間,*,*,*,から,カラ,カラ
月曜,1314,1314,4500,名詞,ユーザー定義,時間,*,*,*,月曜日,ゲツヨウビ,ゲツヨービ
火曜,1314,1314,4500,名詞,ユーザー定義,時間,*,*,*,火曜日,カヨウビ,カヨービ
水曜,1314,1314,4500,名詞,ユーザー定義,時間,*,*,*,水曜日,スイヨウビ,スイヨービ
木曜,1314,1314,4500,名詞,ユーザー定義,時間,*,*,*,木曜日,モクヨウビ,モクヨービ
金曜,1314,1314,4500,名詞,ユーザー定義,時間,*,*,*,金曜日,キンヨウビ,キンヨービ
土曜,1314,1314,4500,名詞,ユーザー定義,時間,*,*,*,土曜日,ドヨウビ,ドヨービ
日曜,1314,1314,4500,名詞,ユーザー定義,時間,*,*,*,日曜日,ニチヨウビ,ニチヨービ
