はい,positive
いいえ,negative
違います,negative
そうです,positive
お願いします,positive
いりません,negative
いいよ,positive
オッケー,positive
おっけー,positive
いや、違います,negative
ダメです,negative
了解です,positive
そうじゃないです,negative
そうじゃありません,negative
いいです,negative
いいです,positive
いいよ,negative
いらない,negative
いる,positive
よろしく,positive
頼む,positive
任せる,positive
それです,positive
それよ,positive
それじゃない,negative
そんな感じ,positive
ありがとう,positive
