はい,neutral
いいえ,neutral
違います,neutral
そうです,neutral
お願いします,neutral
いりません,neutral
いいよ,neutral
オッケー,neutral
おっけー,neutral
いや、違います,neutral
ダメです,neutral
了解です,neutral
そうじゃないです,neutral
そうじゃありません,neutral
いいです,neutral
いいです,neutral
いいよ,neutral
いらない,neutral
いる,neutral
よろしく,neutral
頼む,neutral
任せる,neutral
それです,neutral
それよ,neutral
それじゃない,neutral
そんな感じ,neutral
ありがとう,neutral
分かりました,neutral
了解です,neutral
