Sun Jul 08 06:23:24 +0000 2018	愛媛県西予市救助要請先 電話番号  代理要請も可能です 皆さまが無事に避難できますように  #愛媛県西予市 #救助要請  https://t.co/Oi9mEhiaLO	maki
Sun Jul 08 06:21:44 +0000 2018	愛媛県の救助要請の番号です！  #救助要請 https://t.co/iZ24WD9bhP	mittomo9
Sun Jul 08 06:17:12 +0000 2018	愛媛県西予市野村町の救助要請先の電話番号はこちらに載ってます 電話出来ない状況の方は住所人数等教えて頂ければ代理要請可能です。一刻も早く皆さまが避難できますように #愛媛県西予市野村町 #救助要請 #連絡先 https://t.co/ijUY9f5vcz	みんみん
Sun Jul 08 06:16:47 +0000 2018	#救助要請 https://t.co/sDReZk225l	よめちゃ
Sun Jul 08 06:12:08 +0000 2018	寝たきりの祖母がまび記念病院に入院しています。 ナカヤマヒロエ(92) 3階に入院しているはずなのですが、状況がわかる方がいらっしゃいましたら、ご連絡いただけると有り難いです。(透析患者ではありません) #救助要請 #救助 #岡山県 #真備町	w_katsuhiro
Sun Jul 08 06:05:56 +0000 2018	#救助要請   された方で 無事に 救助された方は #救助要請 の ツイートを 消してあげてください 。 救助の際に情報が重複したりで、混乱してしまうようです  #拡散希望	ゆう（🐍 HarryPotter 🐍）
Sun Jul 08 06:03:19 +0000 2018	“ハッシュタグ #救助要請” https://t.co/X1MERmCIyc	ず
Sun Jul 08 06:02:12 +0000 2018	#拡散希望  #救助要請 https://t.co/GclF1NOUiT	Hiro
Sun Jul 08 05:54:45 +0000 2018	#救助要請 #SOS #救援  吉田町は世界一の温州みかんの生産地‼️ 山の斜面が急だから、年寄り厳しいって。半端ないって‼️ https://t.co/Vajp02UQE9	みにゃ☆ (カープ&金爆推しBBA✨)
Sun Jul 08 05:51:37 +0000 2018	冠水による孤立で上空からの救助隊に居場所を知らせる為の方法がありました。ヘリコプターの音が聞こえて来た時に使えます。  1）屋根などの高いところに登る。 2）服や布を振り回す。 3）鏡があれば、以下のリンクのように太陽光を反射させ… https://t.co/NaTPoLLlNj	fujiparara
Sun Jul 08 05:48:47 +0000 2018	【大拡散】  愛媛の事はなにも報道してくれない！なんで？野村町がこんなことになってるのに！山間部だから道が寸断してて孤立しています！野村町のみなさんはたくさん発信して救助要請してます！助けてください！ #避難勧告 #愛媛県西予市野村町 #野村 #救助要請	幸福・健康第一、ヤス猫党
Sun Jul 08 05:45:35 +0000 2018	600/21000  1/35しか出てないの？ 指令を出さないから？  誰が指令を出すのかな？  #自衛隊 #救助 #救助要請 https://t.co/80vVnxkGZP	R.I.P JAPAN
Sun Jul 08 05:45:20 +0000 2018	著名人ほど、裏が取れない #救助要請 のリツイートは控えるべき。いつまでもリツイされて、返って情報の混乱を招きます。 #新しい地図 の方々がやってることは正しいですよ。震災のことを覚えていれば当然の判断です。	ぽんすけ
Sun Jul 08 05:35:53 +0000 2018	#救助要請	松岡真鈴 Marin Matsuoka
Sun Jul 08 05:34:18 +0000 2018	google mapのリアルタイム交通情報で色のついていない地域が孤立しているものと思われます。救助情報、道路情報、給水所などわかりましたらお願いします。＃吉田町南君　＃吉田町奥南　＃宇和島市　＃自衛隊　#救助要請 ＃救助活動 https://t.co/u1aglZcTeE	Hamazon
Sun Jul 08 05:33:53 +0000 2018	岡山の友人が被災。避難して無事ですが、二階まで冠水しました。テレビを見ても平常通り、あまりに報道されないのでたまらず投稿します。最後の一枚は同じ場所の風景。いまは水に覆われしまいました。#岡山 #真備 #救助要請 #支援 #大雨被害 https://t.co/qXcmmCB0vx	mii_takatata
Sun Jul 08 05:31:54 +0000 2018	代理ですが拡散お願いします 安浦の被害が酷いのですが呉市黒瀬町側からの応援もほとんど来れていません 停電断水で情報を得られない人も多いです 少しずつ救助が来てはいるみたいですがまだ広域でカバーしないといけない状況です 少しでも救助が来てもらえる様に協力お願いします #救助要請	畑中 優芽📍固定の拡散お願いします
Sun Jul 08 05:29:38 +0000 2018	#救助要請　#避難場所　#多言語　#翻訳  【通訳さんがいないなど困っておられる方へ】  ★多言語表示シート一覧（避難所用）  ★Multilingual translation sheet for foreigners in e… https://t.co/7L56TP2VMa	nonbiri
Sun Jul 08 05:18:21 +0000 2018	消防庁の災害情報のページを見ると、広島や岡山へ緊急消防援助隊が出動した記録は見られるんだけど、愛媛県に出動したという記録が見られない。 大丈夫なのかな。 https://t.co/WyDdLEiWAN  #洪水 #大雨 #救助要請	ひいろ
Sun Jul 08 05:18:21 +0000 2018	犬hkｻｯｶｰやってるのだ！RT @aika_0203: 野村を助けてください  たくさんの人が苦しんでます 完全に孤立 電気も水も 食料も 、、 もしものとき iPhoneのios11だと電源ボタンを素早く5回押せばSOS出せる… https://t.co/N8GZqX9k3c	バカボンのパパなのだ！
Sun Jul 08 05:18:19 +0000 2018	愛媛県の方、救助要請届いていますでしょうか。 #愛媛県西予市野村町　#救助要請 https://t.co/82naXrX9Oj	金谷知子
Sun Jul 08 05:13:40 +0000 2018	#救助要請 #救助 愛媛県の野村って場所っぽいです  https://t.co/HVPobEbfIq	にゅうちゃん♥️(*✪ω✪*)♥️美少女星の女王様
Sun Jul 08 05:12:29 +0000 2018	なんとか家族と繋がり、１階は全部浸水したけど全員無事と伝えられました  しかし、電気、水道も停まったままでネットも不安定でとても心配です 早く復旧ねがいます  #野村町 #肱川氾濫 #救助要請	キャラメルコーン
Sun Jul 08 05:08:53 +0000 2018	今、被災地から物質の要請があがっているけど、他府県から宅配便では送れない。 近隣の物流集配所をもっと作ってもらえればいいなと思う。 今！今、必要なんですよね… 水も食糧もミルクもオムツも生理用品も…。 もう少ししたら、嫌でも集まる… https://t.co/VX2uoCelSi	ABG
Sun Jul 08 05:06:00 +0000 2018	#救助 #救助要請  #救助要請愛媛 https://t.co/G5LHW8mvep	Pepaminーgreen33
Sun Jul 08 05:05:57 +0000 2018	どんな時も｢生きていく｣って事を忘れないでください！  #愛媛県 #南予 #肱川 #氾濫 #救助 #救助要請 #頑張れ #拡散希望	Aito.T
Sun Jul 08 04:55:36 +0000 2018	#避難勧告 #愛媛県西予市野村町 #野村 #救助要請 #助けてください  #拡散 https://t.co/BNua5aaMjy	よしえ
Sun Jul 08 04:54:13 +0000 2018	#救助 #救助要請 #緊急 #災害 #SOS #拡散希望 #西日本豪雨災害  #岡山 #広島 #愛媛  なにかの役にたつかもしれません！ ゴミ袋一枚で簡単な、強力ロープが作れます。 なにかの役にたつかも知れないので拡散お願いします… https://t.co/wiaVIemEdF	ゆう（🐍 HarryPotter 🐍）
Sun Jul 08 04:53:21 +0000 2018	#愛媛県西予市  #西予市災害対策本部 #救助要請 連絡先です 0894-62-1111 https://t.co/Wtr2vEqNT4	chiyo
Sun Jul 08 04:52:04 +0000 2018	#救助 #救助要請 #緊急 #災害 #SOS #拡散希望 #西日本豪雨災害  #岡山 #広島 #愛媛  なにかの役にたつかもしれません！ ゴミ袋一枚で簡単な、強力ロープが作れます。 なにかの役にたつかも知れないので拡散お願いします… https://t.co/yb2k6xp60k	はむ
Sun Jul 08 04:50:44 +0000 2018	"確認がとれるといいですが 探してあげて！ @akko0809: お身体が不自由な方と連絡とれていません。 どうか救助お願いします…  森平益子 真備町箭田4055-28  #救助 #救助要請 #真備町箭田 https://t.co/iLA7tim2qY"	スミス
Sun Jul 08 04:47:11 +0000 2018	＃広島県🆘＃三原市🆘 #救助要請🆘 #自衛隊🆘  【三原市は自衛隊の救助要請をしていないのですか？】  🆘🆘🆘🆘🆘タオル・シーツなど目立つ色を振る🆘🆘🆘🆘🆘  🆘救助の自衛隊に向かって、大きな、目立つ色を振って下さい🆘  三原市の… https://t.co/dOTwLocsij	Misa
Sun Jul 08 04:45:28 +0000 2018	#拡散希望 #愛媛県 #西予市 #野村町 #大洲市 #救助要請 #支援物資 https://t.co/fNwoOm5wu0	ℳiki baby 👼🏻🍼🥀💋
Sun Jul 08 04:34:20 +0000 2018	https://t.co/XCfBobNdiu 愛媛の事はなにも報道してくれてないんです！でもこんなことになってる！山間部だから救助が遅れて孤立しています。野村町のみなさんはたくさん発信して救助要請してます！助けてください！… https://t.co/zinEvs9Efw	ふにふにかめゆき
Sun Jul 08 04:28:39 +0000 2018	#救助要請 https://t.co/f417AMRKco	taka&rie
Sun Jul 08 04:24:41 +0000 2018	政府関係者の方々、呑気に遊んでる場合じゃないんですけど?! #孤立地域 #救助要請 #災害派遣 #拡散希望 https://t.co/3VmfvwEMfi	ruu_uieu /るー
Sun Jul 08 04:23:00 +0000 2018	#救助要請 については、氏名、現在地、状況、電話番号、体調、周囲の状況、現在地がわかる写真を添えてツイートすれば、正確な情報が伝わります。また、リツイートは避け、ツイートを見た人は消防にこれらをつたえてください。	松山の海守　Johnny
Sun Jul 08 04:15:10 +0000 2018	只今、 四国【 高知県・徳島県・愛媛県】 東海地方【 岐阜県】  特別大雨警報発令中  中国地方 【広島県・岡山県】 九州地方(北部) 【 山口県・熊本県】 九州地方(南部) 【 鹿児島県】 近畿地方 【 京都府・兵庫県】 東北地… https://t.co/iK0WKiskYr	警察共済 地域安全ボランティア
Sun Jul 08 04:10:16 +0000 2018	軽率なツイートの様ですが、西日本の方々が心配です…でも、私に出来る事は #救助要請 のツイートをリツイートする事くらい、本当に微力な事です。ツイッターをしていない方も沢山いると思います。１人でも多くの人が助かりますように… #新しい地図 の３人は今SNS自粛中なんでしょうか…	🖇사야카 🖇 sayaka 🖇
Sun Jul 08 04:07:24 +0000 2018	#救助要請 をツイートする皆様 ツイートする際は落ち着いて、ハッシュタグの前後に必ずスペースを開けて入力してください。スペースが無いとハッシュタグが機能しません。  また「自衛隊地方本部に連絡を」という、自衛隊のことを知らない素人… https://t.co/fdAnHu7qHN	雪狐観光案内所
Sun Jul 08 04:06:06 +0000 2018	#救助要請 https://t.co/bLGgkfaY4s	☆neno5☆
Sun Jul 08 04:03:31 +0000 2018	無事を祈っているからこそ 迅速な対応をしない安倍総理に 怒っています。 #救助要請  #西日本豪雨  #迅速な対応 https://t.co/zZLeDwwwSG	ﾃﾆｸﾆ🔖
Sun Jul 08 04:02:32 +0000 2018	#救助要請 何故拡散してはいけないか？ 東日本大震災ではtwitterは有効でしたが熊本大地震の時は情報が混乱し消防や自衛隊がスムーズに救出活動を行えなかった。 要請のツイートは情報が古い場合、だぶっている事もある。拡散はそのツイ… https://t.co/5B3iKy4yTq	きみ。
Sun Jul 08 03:56:58 +0000 2018	これ、 本当に大事な事のひとつだと 思います。 一人でも多くの方が救助され、 そして、 沢山の方に、 穏やかな日常が訪れますよう。 #救助 #救助要請 #SOS #緊急 #岡山 #倉敷市 #真備町 #広島 #愛媛 #高知 #岐阜… https://t.co/tFcZ6stCyr	かむ☆まみこ☕✩*॰¨̮
Sun Jul 08 03:52:55 +0000 2018	お身体が不自由な方と連絡とれていません。 どうか救助お願いします…  森平益子 真備町箭田4055-28  #救助 #救助要請 #真備町箭田 https://t.co/W6DRu7AIA5	Akiko Kishimoto
Sun Jul 08 03:51:11 +0000 2018	@ayatoman071827 救助ツイートの注意点 ◎日時を書く ◎具体的に状況を記載 ◎救助対象の人数や状態 ◎住所がわからないなら位置情報で ◎写真があれば尚良い ◎ #救助 のハッシュタグ ◎救助後は混乱防止で削除と報告を… https://t.co/rMBmQ7XESy	📎モモマル☆
Sun Jul 08 03:50:20 +0000 2018	Retweeted あいか (@aika_0203):  野村を助けてください  たくさんの人が苦しんでます 完全に孤立 電気も水も 食料も 、、 もしものとき iPhoneのios11だと電源ボタンを素早く5回押せばSOS出せる… https://t.co/GlgsfSCCTn	前田竜也
Sun Jul 08 03:50:01 +0000 2018	@nishitosafan 　ご自身は安全なのでしょうか　救助が必要でしたら「＃救助要請」で住所・様子を発信してください。　　持病がある方がいる場合はその旨を発信の時にお願い致します。　薬手帳は持参されると楽になります	みゆき
Sun Jul 08 03:49:47 +0000 2018	避難所に4000個弁当追加。 大変だけどそれ以上に被災した人は大変だから頑張って作ります。 #救助要請 岡山	美紗稀
Sun Jul 08 03:44:09 +0000 2018	#愛媛県 #救助要請 #拡散希望   https://t.co/oE72bz2MwA	TAKAMIMI
Sun Jul 08 03:43:02 +0000 2018	救助要請は#救助要請#愛媛県#拡散希望とハッシュタグをつけて、内容は「お爺ちゃんが二階に取り残されている（住所明記）」「○○線が寸断されて孤立している」など具体的にしてくださいとツイートがありました。 早く助けが来ますように！… https://t.co/CyDzRHnrhJ	TAKAMIMI
Sun Jul 08 03:42:19 +0000 2018	#西日本豪雨災害  タグ付、整理できないだろうか？ 救助求める本人は #救助要請  #地名 という２つで内容を それを受けた側は その情報その地域の消防なりに知らせてあげるとか、、これだけ範囲が大きいと見過ごされることが怖いです	ア☆スラン♪
Sun Jul 08 03:39:44 +0000 2018	#拡散希望 #救助要請 https://t.co/iNIaKq1vzz	えみ@低浮上(台湾感謝)
Sun Jul 08 03:34:01 +0000 2018	一般の、ボートに乗せてもらいました。アンは無事でした。 お兄さん達ありがとう。 #救助要請. https://t.co/Y5g2rbHEPE	Nozomi
Sun Jul 08 03:29:15 +0000 2018	夕暮れ・夜の救助要請には、光が有効。 ＃救助要請 https://t.co/mQaTVg2vNr	あと一つ先を考えてみる
Sun Jul 08 03:28:23 +0000 2018	遅すぎる💢💢💨 貴方がお酒飲で浮かれている時から被害は出てる❗️ 責任とって辞めろ‼️ #西日本豪雨 #救助要請 #赤坂自民亭 安倍首相「救命・救助は時間との戦い、全力で」 西日本豪雨  - LINE NEWS… https://t.co/zzuX1tjHIN	ﾃﾆｸﾆ🔖
Sun Jul 08 03:27:26 +0000 2018	避難所に4000個弁当追加。 大変だけどそれ以上に被災した人は大変だから頑張って作ります。 #救助要請 真備	ｍｉｓａｋｉ
