{
  "area": "天神・薬院",
  "category": "居酒屋",
  "title": "博多炉端 炉邸",
  "body": "博多炉端「炉邸」は、九州各地から厳選したこだわりの食材をその場で調理し提供する炉端スタイルのお店です。炉端焼はもちろん、炉端のイメージを覆す和洋折衷料理まで様々な料理をお楽しみ頂けます。福岡のフレンチで唯一ミシュランガイドの星に輝く、グランメゾン「レザンドール」のオーナーソムリエ石井秀樹氏監修のもと、炉端焼に合う良質なワインを豊富に取り揃えました。焼酎や日本酒にもこだわり、全国の銘酒を多数取り揃えています。",
  "voice": "九州各地から厳選したこだわりの食材をその場で調理し提供する炉端スタイルのお店です。",
  "address": "福岡県福岡市中央区渡辺通5-13-23",
  "tell": "092-406-4711",
  "cost": "5000"
}