{
  "area": "天神・薬院",
  "category": "居酒屋",
  "title": "博多まかない屋",
  "body": "毎朝オーナー自ら市場に足を運び、獲れたての魚介を仕入れるこだわりの海鮮食堂。日替わりのメニュー板には、なかなかお目にかかれない珍しい魚や、驚くほどの特価で味わえる高級魚の名が綴られている。看板メニューは、海の家のバーベキューのようにテーブルの上で新鮮な魚介を焼いて食べる「浜焼きセット」。他にも、良質のイカが獲れることで知られる呼子の活イカや朝絞めのふぐなど海の幸をリーズナブルに楽しむことができる。",
  "voice": "毎朝オーナー自ら市場に足を運び、獲れたての魚介を仕入れるこだわりの海鮮食堂です。",
  "address": "福岡県福岡市博多区住吉2-15-3",
  "tell": "092-262-0008",
  "cost": "3500"
}