{
  "area": "博多",
  "category": "居酒屋",
  "title": "中華料理 厨禾",
  "body": "福岡市博多区博多駅南エリアにある「中華料理 厨禾」。メイン料理はもちろん、前菜、デザートに至るまで幅広い料理メニューをご提供する、街角の中華料理店です♪リーズナブルなランチメニューは、ご飯大盛り無料！おなか一杯中華を楽しみたい日は、ぜひ当店へ♪",
  "voice": "メイン料理はもちろん、前菜、デザートに至るまで幅広い中華料理をご提供しています。",
  "address": "福岡県福岡市博多区博多駅南2-8-35 博多ステラビル1F",
  "tell": "092-260-1531",
  "cost": "2500"
}