{
  "area": "天神・薬院",
  "category": "居酒屋",
  "title": "とり籠 赤坂店",
  "body": "水炊きが評判のとり籠もオープンしてもうすぐ３カ月。お得な、『もつ鍋セット』2,500円、『水炊きセット』3,000円も好評ですが、送別会には、『送別会コース』3,500円がピッタリです。さらに、鮮魚の姿造りが付いた、5,500円のコースもございます。10名以上のコース予約で1名無料のクーポンを使えばさらにお得です。お待ちしております。",
  "voice": "",
  "address": "福岡県福岡市中央区赤坂1-10-22",
  "tell": "092-791-3100",
  "cost": "4000"
}